CREATE DATABASE  IF NOT EXISTS `research` /*!40100 DEFAULT CHARACTER SET utf8 */ /*!80016 DEFAULT ENCRYPTION='N' */;
USE `research`;
-- MySQL dump 10.13  Distrib 8.0.27, for Win64 (x86_64)
--
-- Host: localhost    Database: research
-- ------------------------------------------------------
-- Server version	8.0.27

/*!40101 SET @OLD_CHARACTER_SET_CLIENT=@@CHARACTER_SET_CLIENT */;
/*!40101 SET @OLD_CHARACTER_SET_RESULTS=@@CHARACTER_SET_RESULTS */;
/*!40101 SET @OLD_COLLATION_CONNECTION=@@COLLATION_CONNECTION */;
/*!50503 SET NAMES utf8 */;
/*!40103 SET @OLD_TIME_ZONE=@@TIME_ZONE */;
/*!40103 SET TIME_ZONE='+00:00' */;
/*!40014 SET @OLD_UNIQUE_CHECKS=@@UNIQUE_CHECKS, UNIQUE_CHECKS=0 */;
/*!40014 SET @OLD_FOREIGN_KEY_CHECKS=@@FOREIGN_KEY_CHECKS, FOREIGN_KEY_CHECKS=0 */;
/*!40101 SET @OLD_SQL_MODE=@@SQL_MODE, SQL_MODE='NO_AUTO_VALUE_ON_ZERO' */;
/*!40111 SET @OLD_SQL_NOTES=@@SQL_NOTES, SQL_NOTES=0 */;

--
-- Table structure for table `attachment`
--

DROP TABLE IF EXISTS `attachment`;
/*!40101 SET @saved_cs_client     = @@character_set_client */;
/*!50503 SET character_set_client = utf8mb4 */;
CREATE TABLE `attachment` (
  `id` int unsigned NOT NULL AUTO_INCREMENT,
  `publication_id` int unsigned NOT NULL,
  `uuid` varchar(36) NOT NULL,
  `file_name` text NOT NULL,
  `file_name_system` text NOT NULL,
  `type` varchar(255) NOT NULL,
  `is_active` tinyint NOT NULL DEFAULT '1',
  `created_at` timestamp NOT NULL DEFAULT CURRENT_TIMESTAMP,
  `updated_at` timestamp NOT NULL DEFAULT CURRENT_TIMESTAMP ON UPDATE CURRENT_TIMESTAMP,
  PRIMARY KEY (`id`),
  UNIQUE KEY `uuid_UNIQUE` (`uuid`),
  KEY `fk_attachment_publication1_idx` (`publication_id`),
  CONSTRAINT `fk_attachment_publication1` FOREIGN KEY (`publication_id`) REFERENCES `publication` (`id`)
) ENGINE=InnoDB AUTO_INCREMENT=53 DEFAULT CHARSET=utf8mb3;
/*!40101 SET character_set_client = @saved_cs_client */;

--
-- Dumping data for table `attachment`
--

LOCK TABLES `attachment` WRITE;
/*!40000 ALTER TABLE `attachment` DISABLE KEYS */;
INSERT INTO `attachment` VALUES (1,95,'18dce5dd-5691-11ec-9663-9c7bef452e53','string','callspostman_collection_1638341609051.json','string',1,'2021-12-06 12:36:12','2021-12-06 12:36:12'),(2,96,'24489e4d-5691-11ec-9663-9c7bef452e53','string','callspostman_collection_1638341609051.json','string',1,'2021-12-06 12:36:32','2021-12-06 12:36:32'),(3,97,'a26ba77f-5691-11ec-9663-9c7bef452e53','string','callspostman_collection_1638341149870.json','string',1,'2021-12-06 12:40:03','2021-12-06 12:40:03'),(4,98,'66eda80f-5693-11ec-9663-9c7bef452e53','ptichka.svg','ptichka_1638795146297.svg','main_bg',1,'2021-12-06 12:52:42','2021-12-06 12:52:42'),(5,100,'7e61b25b-56a8-11ec-9663-9c7bef452e53','ptichka.svg','ptichka_1638803694035.svg','main_bg',1,'2021-12-06 15:23:41','2021-12-06 15:23:41'),(6,101,'823f71c7-56a8-11ec-9663-9c7bef452e53','ptichka.svg','ptichka_1638803694035.svg','main_bg',1,'2021-12-06 15:23:48','2021-12-06 15:23:48'),(7,102,'b6f6eb10-56a8-11ec-9663-9c7bef452e53','ptichka.svg','ptichka_1638804303428.svg','main_bg',1,'2021-12-06 15:25:16','2021-12-06 15:25:16'),(8,104,'1a6875b6-56ab-11ec-9663-9c7bef452e53','ptichka.svg','ptichka_1638805287102.svg','.svg',1,'2021-12-06 15:42:22','2021-12-06 15:42:22'),(9,104,'1a690e96-56ab-11ec-9663-9c7bef452e53','ptichka.svg','ptichka_1638805282974.svg','main_bg',1,'2021-12-06 15:42:22','2021-12-06 15:42:22'),(10,106,'7f0ab44b-5771-11ec-9663-9c7bef452e53','string','callspostman_collection_1638341149870.json','string',1,'2021-12-07 15:22:31','2021-12-07 15:22:31'),(11,107,'9635aca6-5771-11ec-9663-9c7bef452e53','string','ptichka_1638879878301.svg','string',1,'2021-12-07 15:23:10','2021-12-07 15:23:10'),(12,108,'9ecade94-5771-11ec-9663-9c7bef452e53','string','ptichka_1638879878301.svg','string',1,'2021-12-07 15:23:24','2021-12-07 15:23:24'),(13,109,'833e57bf-581f-11ec-9663-9c7bef452e53','ptichka_1638878792655.svg','ptichka_1638878792655.svg','main_bg',1,'2021-12-08 12:08:11','2021-12-08 12:08:11'),(14,110,'8e3c0ce4-5821-11ec-9663-9c7bef452e53','ptichka_1638878792655.svg','ptichka_1638878792655.svg','main_bg',1,'2021-12-08 12:22:48','2021-12-08 12:22:48'),(15,111,'bb669ce2-5821-11ec-9663-9c7bef452e53','ptichka_1638875084398.svg','ptichka_1638875084398.svg','main_bg',1,'2021-12-08 12:24:04','2021-12-08 12:24:04'),(16,112,'e730f318-5827-11ec-9663-9c7bef452e53','ptichka_1638875084398.svg','ptichka_1638875084398.svg','main_bg',1,'2021-12-08 13:08:14','2021-12-08 13:08:14'),(17,113,'302283bb-5828-11ec-9663-9c7bef452e53','ptichka_1638875084398.svg','ptichka_1638873123655.svg','main_bg',1,'2021-12-08 13:10:17','2021-12-08 13:10:17'),(18,114,'4e624fb4-5828-11ec-9663-9c7bef452e53','ptichka_1638875084398.svg','ptichka_1638873123655.svg','main_bg',1,'2021-12-08 13:11:07','2021-12-08 13:11:07'),(19,115,'5ddb96d8-5828-11ec-9663-9c7bef452e53','ptichka_1638871836782.svg','ptichka_1638871836782.svg','main_bg',1,'2021-12-08 13:11:33','2021-12-08 13:11:33'),(20,116,'8eb188b0-5828-11ec-9663-9c7bef452e53','ptichka_1638871828531.svg','ptichka_1638871828531.svg','main_bg',1,'2021-12-08 13:12:55','2021-12-08 13:12:55'),(21,117,'ce4fe1df-5828-11ec-9663-9c7bef452e53','callspostman_collection_1638341713263.json','callspostman_collection_1638341713263.json','main_bg',1,'2021-12-08 13:14:42','2021-12-08 13:14:42'),(22,118,'e4994a38-5828-11ec-9663-9c7bef452e53','callspostman_collection_1638341713263.json','callspostman_collection_1638341713263.json','main_bg',1,'2021-12-08 13:15:19','2021-12-08 13:15:19'),(23,119,'f49d4445-5828-11ec-9663-9c7bef452e53','csample_1638883780927.pdf','sample_1638883780927.pdf','main_bg',1,'2021-12-08 13:15:46','2021-12-08 13:15:46'),(24,120,'d0835345-582c-11ec-9663-9c7bef452e53','ptichka_1638869096929.svg','ptichka_1638869096929.svg','main_bg',1,'2021-12-08 13:43:24','2021-12-08 13:43:24'),(25,121,'40607d5c-5832-11ec-9663-9c7bef452e53','ptichka_1638805075330.svg','ptichka_1638805075330.svg','main_bg',1,'2021-12-08 14:22:19','2021-12-08 14:22:19'),(26,122,'3d13151d-5834-11ec-9663-9c7bef452e53','ptichka_1638803700935.svg','ptichka_1638803700935.svg','main_bg',1,'2021-12-08 14:36:32','2021-12-08 14:36:32'),(27,123,'347379ca-583a-11ec-9663-9c7bef452e53','ptichka_1638793589924.svg','ptichka_1638793589924.svg','main_bg',1,'2021-12-08 15:19:15','2021-12-08 15:19:15'),(28,124,'4de604a3-583a-11ec-9663-9c7bef452e53','ptichka_1638793589924.svg','ptichka_1638793589924.svg','main_bg',1,'2021-12-08 15:19:57','2021-12-08 15:19:57'),(29,125,'610fe505-583a-11ec-9663-9c7bef452e53','Icon metro-file-empty_1638883578535.svg','Icon metro-file-empty_1638883578535.svg','main_bg',1,'2021-12-08 15:20:30','2021-12-08 15:20:30'),(30,126,'e0f867da-583b-11ec-9663-9c7bef452e53','Icon metro-file-empty_1638883578535.svg','Icon metro-file-empty_1638883578535.svg','main_bg',1,'2021-12-08 15:31:14','2021-12-08 15:31:14'),(31,127,'f8ff6b7f-583b-11ec-9663-9c7bef452e53','IMG-20211130-WA0020 (1)_1638788160091.jpg','IMG-20211130-WA0020 (1)_1638788160091.jpg','main_bg',1,'2021-12-08 15:31:54','2021-12-08 15:31:54'),(32,128,'0f41ffde-583c-11ec-9663-9c7bef452e53','IMG-20211130-WA0020 (1)_1638788160091.jpg','IMG-20211130-WA0020 (1)_1638788160091.jpg','main_bg',1,'2021-12-08 15:32:31','2021-12-08 15:32:31'),(33,129,'1bee5751-583c-11ec-9663-9c7bef452e53','ptichka_1638352755326.svg','ptichka_1638352755326.svg','main_bg',1,'2021-12-08 15:32:53','2021-12-08 15:32:53'),(34,130,'3ddd79e0-583c-11ec-9663-9c7bef452e53','Icon metro-file-empty_1638880233048.svg','Icon metro-file-empty_1638880233048.svg','main_bg',1,'2021-12-08 15:33:50','2021-12-08 15:33:50'),(35,131,'79262591-583c-11ec-9663-9c7bef452e53','Icon metro-file-empty_1638879723438.svg','Icon metro-file-empty_1638879723438.svg','main_bg',1,'2021-12-08 15:35:29','2021-12-08 15:35:29'),(36,132,'621519cb-583d-11ec-9663-9c7bef452e53','ptichka_1638793212939.svg','ptichka_1638793212939.svg','main_bg',1,'2021-12-08 15:42:00','2021-12-08 15:42:00'),(37,133,'0bb2681d-58ce-11ec-9663-9c7bef452e53','ptichka_1639038534897.svg','ptichka_1639038534897.svg','main_bg',1,'2021-12-09 08:57:32','2021-12-09 08:57:32'),(38,134,'f945c692-58ce-11ec-9663-9c7bef452e53','ptichka_1639038423322.svg','ptichka_1639038423322.svg','main_bg',1,'2021-12-09 09:04:11','2021-12-09 09:04:11'),(39,135,'3c9a9431-58cf-11ec-9663-9c7bef452e53','ptichka_1639037792900.svg','ptichka_1639037792900.svg','main_bg',1,'2021-12-09 09:06:03','2021-12-09 09:06:03'),(40,136,'6a112f8f-58cf-11ec-9663-9c7bef452e53','ptichka_1639037735403.svg','ptichka_1639037735403.svg','main_bg',1,'2021-12-09 09:07:20','2021-12-09 09:07:20'),(41,137,'f94bc1fc-58cf-11ec-9663-9c7bef452e53','ptichka_1639037728371.svg','ptichka_1639037728371.svg','main_bg',1,'2021-12-09 09:11:20','2021-12-09 09:11:20'),(42,138,'28293fbf-58d0-11ec-9663-9c7bef452e53','ptichka_1639037548247.svg','ptichka_1639037548247.svg','main_bg',1,'2021-12-09 09:12:39','2021-12-09 09:12:39'),(43,139,'396a4450-58d0-11ec-9663-9c7bef452e53','ptichka_1638353420234.svg','ptichka_1638353420234.svg','main_bg',1,'2021-12-09 09:13:08','2021-12-09 09:13:08'),(44,140,'3190c00a-58d1-11ec-9663-9c7bef452e53','calendar-stepper_1638883595295.svg','calendar-stepper_1638883595295.svg','main_bg',1,'2021-12-09 09:20:04','2021-12-09 09:20:04'),(45,141,'ea5be871-58fd-11ec-9663-9c7bef452e53','ptichka_1638353303244.svg','ptichka_1638353303244.svg','main_bg',1,'2021-12-09 14:40:12','2021-12-09 14:40:12'),(46,142,'05ae82e4-5902-11ec-9663-9c7bef452e53','Icon material-image_1638879943969.svg','Icon material-image_1638879943969.svg','main_bg',1,'2021-12-09 15:09:36','2021-12-09 15:09:36'),(47,143,'b473e427-5904-11ec-9663-9c7bef452e53','Icon material-image_1638879943969.svg','Icon material-image_1638879943969.svg','main_bg',1,'2021-12-09 15:28:48','2021-12-09 15:28:48'),(48,144,'a03feeeb-5908-11ec-9663-9c7bef452e53','IMG-20211130-WA0020_1639037486416.jpg','IMG-20211130-WA0020_1639037486416.jpg','main_bg',1,'2021-12-09 15:56:52','2021-12-09 15:56:52'),(49,145,'2d0226d1-5b19-11ec-9663-9c7bef452e53','Icon metro-file-empty_1638875651822.svg','Icon metro-file-empty_1638875651822.svg','main_bg',1,'2021-12-12 07:00:22','2021-12-12 07:00:22'),(50,146,'c2fa6ae9-5d88-11ec-9663-9c7bef452e53','Group 86.svg','Group 86_1639558455389.svg','main_bg',1,'2021-12-15 09:24:10','2021-12-15 09:24:10'),(51,147,'c3e41425-5d88-11ec-9663-9c7bef452e53','Group 86.svg','Group 86_1639558455389.svg','main_bg',1,'2021-12-15 09:24:12','2021-12-15 09:24:12'),(52,148,'c45508b4-5d88-11ec-9663-9c7bef452e53','Group 86.svg','Group 86_1639558455389.svg','main_bg',1,'2021-12-15 09:24:13','2021-12-15 09:24:13');
/*!40000 ALTER TABLE `attachment` ENABLE KEYS */;
UNLOCK TABLES;

--
-- Table structure for table `bookmark`
--

DROP TABLE IF EXISTS `bookmark`;
/*!40101 SET @saved_cs_client     = @@character_set_client */;
/*!50503 SET character_set_client = utf8mb4 */;
CREATE TABLE `bookmark` (
  `id` int unsigned NOT NULL AUTO_INCREMENT,
  `user_id` int unsigned NOT NULL,
  `publication_id` int unsigned NOT NULL,
  `uuid` varchar(36) NOT NULL,
  `created_at` timestamp NOT NULL DEFAULT CURRENT_TIMESTAMP,
  `updated_at` timestamp NOT NULL DEFAULT CURRENT_TIMESTAMP ON UPDATE CURRENT_TIMESTAMP,
  PRIMARY KEY (`id`),
  UNIQUE KEY `uuid_UNIQUE` (`uuid`),
  KEY `fk_bookmark_user1_idx` (`user_id`),
  KEY `fk_bookmark_publication1_idx` (`publication_id`),
  CONSTRAINT `fk_bookmark_publication1` FOREIGN KEY (`publication_id`) REFERENCES `publication` (`id`),
  CONSTRAINT `fk_bookmark_user1` FOREIGN KEY (`user_id`) REFERENCES `user` (`id`)
) ENGINE=InnoDB DEFAULT CHARSET=utf8mb3;
/*!40101 SET character_set_client = @saved_cs_client */;

--
-- Dumping data for table `bookmark`
--

LOCK TABLES `bookmark` WRITE;
/*!40000 ALTER TABLE `bookmark` DISABLE KEYS */;
/*!40000 ALTER TABLE `bookmark` ENABLE KEYS */;
UNLOCK TABLES;

--
-- Table structure for table `bucket_file`
--

DROP TABLE IF EXISTS `bucket_file`;
/*!40101 SET @saved_cs_client     = @@character_set_client */;
/*!50503 SET character_set_client = utf8mb4 */;
CREATE TABLE `bucket_file` (
  `id` int NOT NULL AUTO_INCREMENT,
  `file_name` text NOT NULL,
  `expired_at` timestamp NOT NULL,
  PRIMARY KEY (`id`)
) ENGINE=InnoDB DEFAULT CHARSET=utf8mb3;
/*!40101 SET character_set_client = @saved_cs_client */;

--
-- Dumping data for table `bucket_file`
--

LOCK TABLES `bucket_file` WRITE;
/*!40000 ALTER TABLE `bucket_file` DISABLE KEYS */;
/*!40000 ALTER TABLE `bucket_file` ENABLE KEYS */;
UNLOCK TABLES;

--
-- Table structure for table `category`
--

DROP TABLE IF EXISTS `category`;
/*!40101 SET @saved_cs_client     = @@character_set_client */;
/*!50503 SET character_set_client = utf8mb4 */;
CREATE TABLE `category` (
  `id` int unsigned NOT NULL AUTO_INCREMENT,
  `uuid` varchar(36) NOT NULL,
  `name` varchar(45) NOT NULL,
  `is_active` tinyint NOT NULL DEFAULT '1',
  `created_at` timestamp NOT NULL DEFAULT CURRENT_TIMESTAMP,
  `updated_at` timestamp NOT NULL DEFAULT CURRENT_TIMESTAMP ON UPDATE CURRENT_TIMESTAMP,
  PRIMARY KEY (`id`),
  UNIQUE KEY `uuid_UNIQUE` (`uuid`),
  UNIQUE KEY `name_UNIQUE` (`name`)
) ENGINE=InnoDB AUTO_INCREMENT=14 DEFAULT CHARSET=utf8mb3;
/*!40101 SET character_set_client = @saved_cs_client */;

--
-- Dumping data for table `category`
--

LOCK TABLES `category` WRITE;
/*!40000 ALTER TABLE `category` DISABLE KEYS */;
INSERT INTO `category` VALUES (1,'4c9b048d-4c27-11ec-8f4c-10e7c6179426','Investment strategy',1,'2021-11-25 10:08:01','2021-11-25 10:08:11'),(2,'92dc90ce-4dd7-11ec-8f4c-10e7c6179426','Long/short event driven',1,'2021-11-25 10:08:01','2021-11-25 10:08:01'),(3,'92dcb04d-4dd7-11ec-8f4c-10e7c6179426','Midday Geneva',1,'2021-11-25 10:08:01','2021-11-25 10:08:01'),(4,'92dcbe11-4dd7-11ec-8f4c-10e7c6179426','Morning news & top trading ideas',1,'2021-11-25 10:08:01','2021-11-25 10:08:01'),(5,'92dcc5a9-4dd7-11ec-8f4c-10e7c6179426','Risk arbitrage',1,'2021-11-25 10:08:01','2021-11-25 10:08:01'),(6,'92dccd03-4dd7-11ec-8f4c-10e7c6179426','Special situation',1,'2021-11-25 10:08:01','2021-11-25 10:08:01'),(7,'92dce4b6-4dd7-11ec-8f4c-10e7c6179426','Technical analysis',1,'2021-11-25 10:08:01','2021-11-25 10:08:01'),(8,'92dcebad-4dd7-11ec-8f4c-10e7c6179426','Weekly macroscopy',1,'2021-11-25 10:08:01','2021-11-25 10:08:01'),(9,'06b2f129-5357-11ec-9663-9c7bef452e53','1',1,'2021-12-02 10:02:58','2021-12-02 10:02:58'),(10,'354ac377-559a-11ec-9663-9c7bef452e53','lalalala',1,'2021-12-05 07:08:54','2021-12-05 07:08:54'),(13,'6c4eef67-559a-11ec-9663-9c7bef452e53','jhfdjbkj',0,'2021-12-05 07:10:27','2021-12-05 07:14:51');
/*!40000 ALTER TABLE `category` ENABLE KEYS */;
UNLOCK TABLES;

--
-- Table structure for table `category_has_publication`
--

DROP TABLE IF EXISTS `category_has_publication`;
/*!40101 SET @saved_cs_client     = @@character_set_client */;
/*!50503 SET character_set_client = utf8mb4 */;
CREATE TABLE `category_has_publication` (
  `category_id` int unsigned NOT NULL,
  `publication_id` int unsigned NOT NULL,
  `is_active` tinyint NOT NULL DEFAULT '1',
  `created_at` timestamp NOT NULL DEFAULT CURRENT_TIMESTAMP,
  `updated_at` timestamp NOT NULL DEFAULT CURRENT_TIMESTAMP ON UPDATE CURRENT_TIMESTAMP,
  PRIMARY KEY (`category_id`,`publication_id`),
  KEY `fk_category_has_publication_publication1_idx` (`publication_id`),
  KEY `fk_category_has_publication_category1_idx` (`category_id`),
  CONSTRAINT `fk_category_has_publication_category1` FOREIGN KEY (`category_id`) REFERENCES `category` (`id`),
  CONSTRAINT `fk_category_has_publication_publication1` FOREIGN KEY (`publication_id`) REFERENCES `publication` (`id`)
) ENGINE=InnoDB DEFAULT CHARSET=utf8mb3;
/*!40101 SET character_set_client = @saved_cs_client */;

--
-- Dumping data for table `category_has_publication`
--

LOCK TABLES `category_has_publication` WRITE;
/*!40000 ALTER TABLE `category_has_publication` DISABLE KEYS */;
INSERT INTO `category_has_publication` VALUES (1,25,1,'2021-11-30 15:41:00','2021-11-30 15:41:00'),(1,26,1,'2021-11-30 15:41:57','2021-11-30 15:41:57'),(1,27,1,'2021-11-30 15:42:10','2021-11-30 15:42:10'),(1,28,1,'2021-11-30 15:42:52','2021-11-30 15:42:52'),(1,29,1,'2021-11-30 15:44:19','2021-11-30 15:44:19'),(1,30,1,'2021-11-30 15:44:35','2021-11-30 15:44:35'),(1,31,1,'2021-11-30 15:46:33','2021-11-30 15:46:33'),(1,32,1,'2021-11-30 15:47:33','2021-11-30 15:47:33'),(1,33,1,'2021-11-30 15:51:32','2021-11-30 15:51:32'),(1,34,1,'2021-11-30 15:52:42','2021-11-30 15:52:42'),(1,35,1,'2021-11-30 15:53:06','2021-11-30 15:53:06'),(1,36,1,'2021-11-30 15:53:24','2021-11-30 15:53:24'),(1,37,1,'2021-11-30 15:53:45','2021-11-30 15:53:45'),(1,38,1,'2021-11-30 15:54:03','2021-11-30 15:54:03'),(1,39,1,'2021-11-30 15:54:56','2021-11-30 15:54:56'),(1,40,1,'2021-11-30 15:55:18','2021-11-30 15:55:18'),(1,41,1,'2021-11-30 15:55:30','2021-11-30 15:55:30'),(1,42,1,'2021-11-30 15:55:40','2021-11-30 15:55:40'),(1,44,1,'2021-11-30 15:56:46','2021-11-30 15:56:46'),(1,46,1,'2021-11-30 15:57:28','2021-11-30 15:57:28'),(1,48,1,'2021-11-30 15:58:03','2021-11-30 15:58:03'),(1,49,1,'2021-11-30 15:59:14','2021-11-30 15:59:14'),(1,50,1,'2021-11-30 16:00:39','2021-11-30 16:00:39'),(1,51,1,'2021-11-30 16:15:49','2021-11-30 16:15:49'),(1,52,1,'2021-11-30 16:16:15','2021-11-30 16:16:15'),(1,53,1,'2021-11-30 16:16:46','2021-11-30 16:16:46'),(1,54,1,'2021-11-30 16:17:23','2021-11-30 16:17:23'),(1,55,1,'2021-11-30 16:18:45','2021-11-30 16:18:45'),(1,56,1,'2021-11-30 16:19:10','2021-11-30 16:19:10'),(1,57,1,'2021-11-30 16:19:59','2021-11-30 16:19:59'),(1,58,1,'2021-11-30 16:23:23','2021-11-30 16:23:23'),(1,59,1,'2021-11-30 16:25:08','2021-11-30 16:25:08'),(1,60,1,'2021-11-30 16:27:56','2021-11-30 16:27:56'),(1,61,1,'2021-11-30 16:30:36','2021-11-30 16:30:36'),(1,62,1,'2021-11-30 16:32:34','2021-11-30 16:32:34'),(1,63,1,'2021-11-30 16:33:18','2021-11-30 16:33:18'),(1,64,1,'2021-11-30 16:34:00','2021-11-30 16:34:00'),(1,65,1,'2021-11-30 16:34:50','2021-11-30 16:34:50'),(1,66,1,'2021-11-30 16:37:19','2021-11-30 16:37:19'),(1,67,1,'2021-11-30 17:01:01','2021-11-30 17:01:01'),(1,68,1,'2021-11-30 17:03:14','2021-11-30 17:03:14'),(1,69,1,'2021-11-30 17:09:11','2021-11-30 17:09:11'),(1,70,1,'2021-11-30 17:13:48','2021-11-30 17:13:48'),(1,71,1,'2021-11-30 17:14:03','2021-11-30 17:14:03'),(1,72,1,'2021-11-30 17:15:08','2021-11-30 17:15:08'),(1,73,1,'2021-11-30 17:24:52','2021-11-30 17:24:52'),(1,77,1,'2021-12-02 12:15:40','2021-12-02 12:15:40'),(1,78,1,'2021-12-05 08:46:14','2021-12-05 08:46:14'),(1,83,1,'2021-12-05 08:08:11','2021-12-05 08:08:11'),(1,84,1,'2021-12-05 11:12:56','2021-12-05 11:12:56'),(1,85,1,'2021-12-05 12:33:58','2021-12-05 12:33:58'),(1,86,1,'2021-12-05 13:50:25','2021-12-05 13:50:25'),(1,91,1,'2021-12-06 12:33:34','2021-12-06 12:33:34'),(1,92,1,'2021-12-06 12:34:03','2021-12-06 12:34:03'),(1,93,1,'2021-12-06 12:35:39','2021-12-06 12:35:39'),(1,94,1,'2021-12-06 12:35:53','2021-12-06 12:35:53'),(1,95,1,'2021-12-06 12:36:12','2021-12-06 12:36:12'),(1,96,1,'2021-12-06 12:36:32','2021-12-06 12:36:32'),(1,97,1,'2021-12-06 12:40:03','2021-12-06 12:40:03'),(1,105,1,'2021-12-07 15:22:10','2021-12-07 15:22:10'),(1,106,1,'2021-12-07 15:22:31','2021-12-07 15:22:31'),(1,107,1,'2021-12-07 15:23:10','2021-12-07 15:23:10'),(1,108,1,'2021-12-07 15:23:24','2021-12-07 15:23:24'),(1,109,1,'2021-12-08 12:08:11','2021-12-08 12:08:11'),(1,110,1,'2021-12-08 12:22:48','2021-12-08 12:22:48'),(1,111,1,'2021-12-08 12:24:04','2021-12-08 12:24:04'),(1,112,1,'2021-12-08 13:08:14','2021-12-08 13:08:14'),(1,113,1,'2021-12-08 13:10:17','2021-12-08 13:10:17'),(1,114,1,'2021-12-08 13:11:07','2021-12-08 13:11:07'),(1,115,1,'2021-12-08 13:11:33','2021-12-08 13:11:33'),(1,116,1,'2021-12-08 13:12:55','2021-12-08 13:12:55'),(1,117,1,'2021-12-08 13:14:42','2021-12-08 13:14:42'),(1,118,1,'2021-12-08 13:15:19','2021-12-08 13:15:19'),(1,119,1,'2021-12-08 13:15:46','2021-12-08 13:15:46'),(1,120,1,'2021-12-08 13:43:24','2021-12-08 13:43:24'),(1,121,1,'2021-12-08 14:22:19','2021-12-08 14:22:19'),(1,122,1,'2021-12-08 14:36:32','2021-12-08 14:36:32'),(1,123,1,'2021-12-08 15:19:15','2021-12-08 15:19:15'),(1,124,1,'2021-12-08 15:19:57','2021-12-08 15:19:57'),(1,125,1,'2021-12-08 15:20:30','2021-12-08 15:20:30'),(1,126,1,'2021-12-08 15:31:14','2021-12-08 15:31:14'),(1,127,1,'2021-12-08 15:31:54','2021-12-08 15:31:54'),(1,128,1,'2021-12-08 15:32:31','2021-12-08 15:32:31'),(1,129,1,'2021-12-08 15:32:53','2021-12-08 15:32:53'),(1,130,1,'2021-12-08 15:33:50','2021-12-08 15:33:50'),(1,131,1,'2021-12-08 15:35:29','2021-12-08 15:35:29'),(1,132,1,'2021-12-08 15:42:00','2021-12-08 15:42:00'),(1,133,1,'2021-12-09 08:57:32','2021-12-09 08:57:32'),(1,134,1,'2021-12-09 09:04:11','2021-12-09 09:04:11'),(1,135,1,'2021-12-09 09:06:03','2021-12-09 09:06:03'),(1,136,1,'2021-12-09 09:07:20','2021-12-09 09:07:20'),(1,137,1,'2021-12-09 09:11:20','2021-12-09 09:11:20'),(1,138,1,'2021-12-09 09:12:39','2021-12-09 09:12:39'),(1,139,1,'2021-12-09 09:13:08','2021-12-09 09:13:08'),(1,140,1,'2021-12-09 09:20:04','2021-12-09 09:20:04'),(1,141,1,'2021-12-09 14:40:12','2021-12-09 14:40:12'),(1,142,1,'2021-12-09 15:09:36','2021-12-09 15:09:36'),(1,143,1,'2021-12-09 15:28:48','2021-12-09 15:28:48'),(1,144,1,'2021-12-09 15:56:52','2021-12-09 15:56:52'),(1,145,1,'2021-12-12 07:00:22','2021-12-12 07:00:22'),(2,47,1,'2021-11-30 15:57:55','2021-11-30 15:57:55'),(2,74,1,'2021-12-01 10:09:12','2021-12-01 10:09:12'),(2,78,1,'2021-12-05 09:08:27','2021-12-05 09:08:27'),(2,88,1,'2021-12-06 12:20:59','2021-12-06 12:20:59'),(2,100,1,'2021-12-06 15:23:41','2021-12-06 15:23:41'),(2,101,1,'2021-12-06 15:23:48','2021-12-06 15:23:48'),(2,102,1,'2021-12-06 15:25:16','2021-12-06 15:25:16'),(2,103,1,'2021-12-06 15:41:12','2021-12-06 15:41:12'),(2,104,1,'2021-12-06 15:42:22','2021-12-06 15:42:22'),(2,146,1,'2021-12-15 09:24:10','2021-12-15 09:24:10'),(2,147,1,'2021-12-15 09:24:12','2021-12-15 09:24:12'),(2,148,1,'2021-12-15 09:24:13','2021-12-15 09:24:13'),(3,45,1,'2021-11-30 15:57:11','2021-11-30 15:57:11'),(3,98,1,'2021-12-06 12:52:42','2021-12-06 12:52:42'),(3,99,1,'2021-12-06 15:01:41','2021-12-06 15:01:41'),(4,78,1,'2021-12-02 16:08:13','2021-12-02 16:08:13'),(4,84,1,'2021-12-05 11:12:56','2021-12-05 11:12:56'),(4,146,1,'2021-12-15 09:24:10','2021-12-15 09:24:10'),(4,147,1,'2021-12-15 09:24:12','2021-12-15 09:24:12'),(4,148,1,'2021-12-15 09:24:13','2021-12-15 09:24:13'),(6,98,1,'2021-12-06 12:52:42','2021-12-06 12:52:42'),(7,22,1,'2021-11-30 15:38:32','2021-11-30 15:38:32'),(8,78,1,'2021-12-05 10:10:22','2021-12-05 10:10:22');
/*!40000 ALTER TABLE `category_has_publication` ENABLE KEYS */;
UNLOCK TABLES;

--
-- Table structure for table `client`
--

DROP TABLE IF EXISTS `client`;
/*!40101 SET @saved_cs_client     = @@character_set_client */;
/*!50503 SET character_set_client = utf8mb4 */;
CREATE TABLE `client` (
  `id` int unsigned NOT NULL AUTO_INCREMENT,
  `start_at` timestamp NOT NULL,
  `sales_id` int NOT NULL,
  `status` tinyint NOT NULL,
  PRIMARY KEY (`id`)
) ENGINE=InnoDB AUTO_INCREMENT=6 DEFAULT CHARSET=utf8mb3;
/*!40101 SET character_set_client = @saved_cs_client */;

--
-- Dumping data for table `client`
--

LOCK TABLES `client` WRITE;
/*!40000 ALTER TABLE `client` DISABLE KEYS */;
INSERT INTO `client` VALUES (1,'2021-12-12 10:00:00',1,0),(2,'2021-12-12 10:00:00',1,0),(3,'2021-12-12 10:00:00',1,0),(4,'2021-12-16 10:00:00',20,0),(5,'2021-12-18 10:00:00',20,0);
/*!40000 ALTER TABLE `client` ENABLE KEYS */;
UNLOCK TABLES;

--
-- Table structure for table `comment`
--

DROP TABLE IF EXISTS `comment`;
/*!40101 SET @saved_cs_client     = @@character_set_client */;
/*!50503 SET character_set_client = utf8mb4 */;
CREATE TABLE `comment` (
  `id` int unsigned NOT NULL AUTO_INCREMENT,
  `user_id` int unsigned NOT NULL,
  `publication_id` int unsigned NOT NULL,
  `uuid` varchar(36) NOT NULL,
  `content` text NOT NULL,
  `is_active` tinyint NOT NULL DEFAULT '1',
  `likes` int NOT NULL DEFAULT '0',
  `dislikes` int NOT NULL DEFAULT '0',
  `created_at` timestamp NOT NULL DEFAULT CURRENT_TIMESTAMP,
  `updated_at` timestamp NOT NULL DEFAULT CURRENT_TIMESTAMP ON UPDATE CURRENT_TIMESTAMP,
  PRIMARY KEY (`id`),
  UNIQUE KEY `uuid_UNIQUE` (`uuid`),
  KEY `fk_comment_user1_idx` (`user_id`),
  KEY `fk_comment_publication1_idx` (`publication_id`),
  CONSTRAINT `fk_comment_publication1` FOREIGN KEY (`publication_id`) REFERENCES `publication` (`id`),
  CONSTRAINT `fk_comment_user1` FOREIGN KEY (`user_id`) REFERENCES `user` (`id`)
) ENGINE=InnoDB AUTO_INCREMENT=3 DEFAULT CHARSET=utf8mb3;
/*!40101 SET character_set_client = @saved_cs_client */;

--
-- Dumping data for table `comment`
--

LOCK TABLES `comment` WRITE;
/*!40000 ALTER TABLE `comment` DISABLE KEYS */;
INSERT INTO `comment` VALUES (1,1,85,'91fb6278-55d0-11ec-9663-9c7bef452e53','i like it soo muchh',0,0,0,'2021-12-05 13:38:03','2021-12-05 13:50:19'),(2,1,85,'36cc2c08-55d1-11ec-9663-9c7bef452e53','lalala',1,1,0,'2021-12-05 13:42:39','2021-12-05 15:26:16');
/*!40000 ALTER TABLE `comment` ENABLE KEYS */;
UNLOCK TABLES;

--
-- Table structure for table `company`
--

DROP TABLE IF EXISTS `company`;
/*!40101 SET @saved_cs_client     = @@character_set_client */;
/*!50503 SET character_set_client = utf8mb4 */;
CREATE TABLE `company` (
  `id` int unsigned NOT NULL AUTO_INCREMENT,
  `uuid` varchar(36) NOT NULL,
  `legal_name` text NOT NULL,
  `country` char(2) NOT NULL,
  `status` tinyint NOT NULL DEFAULT '1',
  `start_at` timestamp NULL DEFAULT NULL,
  `end_at` timestamp NULL DEFAULT NULL,
  `created_at` timestamp NOT NULL DEFAULT CURRENT_TIMESTAMP,
  `updated_at` timestamp NOT NULL DEFAULT CURRENT_TIMESTAMP ON UPDATE CURRENT_TIMESTAMP,
  `logo` text,
  `prospect_id` int unsigned DEFAULT NULL,
  `sales_id` int DEFAULT NULL,
  `client_id` int unsigned DEFAULT NULL,
  PRIMARY KEY (`id`),
  UNIQUE KEY `uuid_UNIQUE` (`uuid`),
  KEY `fk_company_prospect1_idx` (`prospect_id`),
  KEY `fk_company_client1_idx` (`client_id`),
  CONSTRAINT `fk_company_client1` FOREIGN KEY (`client_id`) REFERENCES `client` (`id`),
  CONSTRAINT `fk_company_prospect1` FOREIGN KEY (`prospect_id`) REFERENCES `prospect` (`id`)
) ENGINE=InnoDB AUTO_INCREMENT=122 DEFAULT CHARSET=utf8mb3;
/*!40101 SET character_set_client = @saved_cs_client */;

--
-- Dumping data for table `company`
--

LOCK TABLES `company` WRITE;
/*!40000 ALTER TABLE `company` DISABLE KEYS */;
INSERT INTO `company` VALUES (106,'1ccc4362-5c21-11ec-9663-9c7bef452e53','prospect 7','IL',0,'2021-12-12 10:00:00','2021-12-22 10:00:00','2021-12-13 14:29:42','2021-12-14 09:13:55',NULL,8,NULL,NULL),(109,'2aff4ba5-5cbc-11ec-9663-9c7bef452e53','etet','EC',0,'2021-12-15 10:00:00','2021-12-22 10:00:00','2021-12-14 08:59:38','2021-12-14 09:13:55',NULL,9,NULL,NULL),(110,'a984a57f-5cc8-11ec-9663-9c7bef452e53','i am client','IL',1,NULL,NULL,'2021-12-14 10:29:04','2021-12-14 12:06:53',NULL,NULL,NULL,1),(111,'baf3a11f-5cc8-11ec-9663-9c7bef452e53','i am client','IL',0,NULL,NULL,'2021-12-14 10:29:34','2021-12-14 10:29:34',NULL,NULL,NULL,2),(113,'038923df-5cc9-11ec-9663-9c7bef452e53','i have never been prospect','IL',0,NULL,NULL,'2021-12-14 10:31:35','2021-12-14 10:31:35',NULL,NULL,NULL,3),(115,'6ab89ab9-5ccd-11ec-9663-9c7bef452e53','backend','IL',0,NULL,NULL,'2021-12-14 11:03:07','2021-12-14 11:03:07',NULL,11,NULL,NULL),(116,'db3ca4ff-5cce-11ec-9663-9c7bef452e53','backend','IL',0,NULL,NULL,'2021-12-14 11:13:25','2021-12-14 11:13:25','nlnk',12,NULL,NULL),(117,'207b9f1d-5ccf-11ec-9663-9c7bef452e53','The Settlers','FK',1,NULL,NULL,'2021-12-14 11:15:21','2021-12-14 11:48:44','',13,NULL,NULL),(118,'9d85012d-5ccf-11ec-9663-9c7bef452e53','Sultry','ET',1,NULL,NULL,'2021-12-14 11:18:51','2021-12-14 15:51:04','',NULL,NULL,4),(119,'5f8062f0-5cd5-11ec-9663-9c7bef452e53','backend','IL',0,NULL,NULL,'2021-12-14 12:00:04','2021-12-14 12:00:04','nlnk',14,NULL,NULL),(120,'f42806af-5ce9-11ec-9663-9c7bef452e53','backend','IL',0,NULL,NULL,'2021-12-14 14:27:23','2021-12-14 14:27:23','nlnk',15,NULL,NULL),(121,'bcd7fd68-5d93-11ec-9663-9c7bef452e53','sefsg','FJ',1,NULL,NULL,'2021-12-15 10:42:45','2021-12-15 14:04:29','',NULL,NULL,5);
/*!40000 ALTER TABLE `company` ENABLE KEYS */;
UNLOCK TABLES;

--
-- Table structure for table `connection`
--

DROP TABLE IF EXISTS `connection`;
/*!40101 SET @saved_cs_client     = @@character_set_client */;
/*!50503 SET character_set_client = utf8mb4 */;
CREATE TABLE `connection` (
  `id` int unsigned NOT NULL AUTO_INCREMENT,
  `user_id` int unsigned NOT NULL,
  `device_type` enum('ios','android','web') NOT NULL,
  `location` json DEFAULT NULL,
  `created_at` timestamp NOT NULL DEFAULT CURRENT_TIMESTAMP,
  PRIMARY KEY (`id`),
  KEY `fk_connection_user1_idx` (`user_id`),
  CONSTRAINT `fk_connection_user1` FOREIGN KEY (`user_id`) REFERENCES `user` (`id`)
) ENGINE=InnoDB AUTO_INCREMENT=112 DEFAULT CHARSET=utf8mb3;
/*!40101 SET character_set_client = @saved_cs_client */;

--
-- Dumping data for table `connection`
--

LOCK TABLES `connection` WRITE;
/*!40000 ALTER TABLE `connection` DISABLE KEYS */;
INSERT INTO `connection` VALUES (1,1,'web','{\"as\": \"AS8551 Bezeq International-Ltd\", \"isp\": \"BEZEQINT\", \"lat\": 32.0668, \"lon\": 34.7649, \"org\": \"\", \"zip\": \"\", \"city\": \"Tel Aviv\", \"query\": \"82.81.27.189\", \"region\": \"TA\", \"status\": \"success\", \"country\": \"Israel\", \"timezone\": \"Asia/Jerusalem\", \"regionName\": \"Tel Aviv\", \"countryCode\": \"IL\"}','2021-11-25 06:24:49'),(2,15,'web','{\"as\": \"AS8551 Bezeq International-Ltd\", \"isp\": \"BEZEQINT\", \"lat\": 32.0668, \"lon\": 34.7649, \"org\": \"\", \"zip\": \"\", \"city\": \"Tel Aviv\", \"query\": \"82.81.27.189\", \"region\": \"TA\", \"status\": \"success\", \"country\": \"Israel\", \"timezone\": \"Asia/Jerusalem\", \"regionName\": \"Tel Aviv\", \"countryCode\": \"IL\"}','2021-11-25 12:12:46'),(3,20,'web','{\"as\": \"AS8551 Bezeq International-Ltd\", \"isp\": \"BEZEQINT\", \"lat\": 32.0668, \"lon\": 34.7649, \"org\": \"\", \"zip\": \"\", \"city\": \"Tel Aviv\", \"query\": \"82.81.27.189\", \"region\": \"TA\", \"status\": \"success\", \"country\": \"Israel\", \"timezone\": \"Asia/Jerusalem\", \"regionName\": \"Tel Aviv\", \"countryCode\": \"IL\"}','2021-11-25 12:44:44'),(4,1,'web','{\"as\": \"AS8551 Bezeq International-Ltd\", \"isp\": \"BEZEQINT\", \"lat\": 32.0668, \"lon\": 34.7649, \"org\": \"\", \"zip\": \"\", \"city\": \"Tel Aviv\", \"query\": \"82.81.27.189\", \"region\": \"TA\", \"status\": \"success\", \"country\": \"Israel\", \"timezone\": \"Asia/Jerusalem\", \"regionName\": \"Tel Aviv\", \"countryCode\": \"IL\"}','2021-11-25 13:16:49'),(5,15,'web','{\"as\": \"AS8551 Bezeq International-Ltd\", \"isp\": \"BEZEQINT\", \"lat\": 32.0668, \"lon\": 34.7649, \"org\": \"\", \"zip\": \"\", \"city\": \"Tel Aviv\", \"query\": \"82.81.27.189\", \"region\": \"TA\", \"status\": \"success\", \"country\": \"Israel\", \"timezone\": \"Asia/Jerusalem\", \"regionName\": \"Tel Aviv\", \"countryCode\": \"IL\"}','2021-11-25 14:29:40'),(6,15,'web','{\"as\": \"AS8551 Bezeq International-Ltd\", \"isp\": \"BEZEQINT\", \"lat\": 32.0668, \"lon\": 34.7649, \"org\": \"\", \"zip\": \"\", \"city\": \"Tel Aviv\", \"query\": \"82.81.27.189\", \"region\": \"TA\", \"status\": \"success\", \"country\": \"Israel\", \"timezone\": \"Asia/Jerusalem\", \"regionName\": \"Tel Aviv\", \"countryCode\": \"IL\"}','2021-11-25 14:48:26'),(7,15,'web','{\"as\": \"AS8551 Bezeq International-Ltd\", \"isp\": \"BEZEQINT\", \"lat\": 32.0668, \"lon\": 34.7649, \"org\": \"\", \"zip\": \"\", \"city\": \"Tel Aviv\", \"query\": \"82.81.27.189\", \"region\": \"TA\", \"status\": \"success\", \"country\": \"Israel\", \"timezone\": \"Asia/Jerusalem\", \"regionName\": \"Tel Aviv\", \"countryCode\": \"IL\"}','2021-11-25 15:06:19'),(8,15,'web','{\"as\": \"AS8551 Bezeq International-Ltd\", \"isp\": \"BEZEQINT\", \"lat\": 32.0668, \"lon\": 34.7649, \"org\": \"\", \"zip\": \"\", \"city\": \"Tel Aviv\", \"query\": \"82.81.27.189\", \"region\": \"TA\", \"status\": \"success\", \"country\": \"Israel\", \"timezone\": \"Asia/Jerusalem\", \"regionName\": \"Tel Aviv\", \"countryCode\": \"IL\"}','2021-11-25 15:06:32'),(9,15,'web','{\"as\": \"AS8551 Bezeq International-Ltd\", \"isp\": \"BEZEQINT\", \"lat\": 32.0668, \"lon\": 34.7649, \"org\": \"\", \"zip\": \"\", \"city\": \"Tel Aviv\", \"query\": \"82.81.27.189\", \"region\": \"TA\", \"status\": \"success\", \"country\": \"Israel\", \"timezone\": \"Asia/Jerusalem\", \"regionName\": \"Tel Aviv\", \"countryCode\": \"IL\"}','2021-11-25 15:21:47'),(10,15,'web','{\"as\": \"AS8551 Bezeq International-Ltd\", \"isp\": \"BEZEQINT\", \"lat\": 32.0668, \"lon\": 34.7649, \"org\": \"\", \"zip\": \"\", \"city\": \"Tel Aviv\", \"query\": \"82.81.27.189\", \"region\": \"TA\", \"status\": \"success\", \"country\": \"Israel\", \"timezone\": \"Asia/Jerusalem\", \"regionName\": \"Tel Aviv\", \"countryCode\": \"IL\"}','2021-11-25 15:22:08'),(11,1,'web','{\"as\": \"AS8551 Bezeq International-Ltd\", \"isp\": \"BEZEQINT\", \"lat\": 32.0668, \"lon\": 34.7649, \"org\": \"\", \"zip\": \"\", \"city\": \"Tel Aviv\", \"query\": \"82.81.27.189\", \"region\": \"TA\", \"status\": \"success\", \"country\": \"Israel\", \"timezone\": \"Asia/Jerusalem\", \"regionName\": \"Tel Aviv\", \"countryCode\": \"IL\"}','2021-11-30 14:12:51'),(12,1,'web','{\"as\": \"AS8551 Bezeq International-Ltd\", \"isp\": \"BEZEQINT\", \"lat\": 32.0668, \"lon\": 34.7649, \"org\": \"\", \"zip\": \"\", \"city\": \"Tel Aviv\", \"query\": \"82.81.27.189\", \"region\": \"TA\", \"status\": \"success\", \"country\": \"Israel\", \"timezone\": \"Asia/Jerusalem\", \"regionName\": \"Tel Aviv\", \"countryCode\": \"IL\"}','2021-11-30 14:46:49'),(13,1,'web','{\"as\": \"AS8551 Bezeq International-Ltd\", \"isp\": \"BEZEQINT\", \"lat\": 32.0668, \"lon\": 34.7649, \"org\": \"\", \"zip\": \"\", \"city\": \"Tel Aviv\", \"query\": \"82.81.27.189\", \"region\": \"TA\", \"status\": \"success\", \"country\": \"Israel\", \"timezone\": \"Asia/Jerusalem\", \"regionName\": \"Tel Aviv\", \"countryCode\": \"IL\"}','2021-11-30 14:49:27'),(14,15,'web','{\"as\": \"AS8551 Bezeq International-Ltd\", \"isp\": \"BEZEQINT\", \"lat\": 32.0668, \"lon\": 34.7649, \"org\": \"\", \"zip\": \"\", \"city\": \"Tel Aviv\", \"query\": \"82.81.27.189\", \"region\": \"TA\", \"status\": \"success\", \"country\": \"Israel\", \"timezone\": \"Asia/Jerusalem\", \"regionName\": \"Tel Aviv\", \"countryCode\": \"IL\"}','2021-11-30 14:50:37'),(15,1,'web','{\"as\": \"AS8551 Bezeq International-Ltd\", \"isp\": \"BEZEQINT\", \"lat\": 32.0668, \"lon\": 34.7649, \"org\": \"\", \"zip\": \"\", \"city\": \"Tel Aviv\", \"query\": \"82.81.27.189\", \"region\": \"TA\", \"status\": \"success\", \"country\": \"Israel\", \"timezone\": \"Asia/Jerusalem\", \"regionName\": \"Tel Aviv\", \"countryCode\": \"IL\"}','2021-11-30 14:52:06'),(16,1,'web','{\"as\": \"AS8551 Bezeq International-Ltd\", \"isp\": \"BEZEQINT\", \"lat\": 32.0668, \"lon\": 34.7649, \"org\": \"\", \"zip\": \"\", \"city\": \"Tel Aviv\", \"query\": \"82.81.27.189\", \"region\": \"TA\", \"status\": \"success\", \"country\": \"Israel\", \"timezone\": \"Asia/Jerusalem\", \"regionName\": \"Tel Aviv\", \"countryCode\": \"IL\"}','2021-11-30 14:52:39'),(17,1,'web','{\"as\": \"AS8551 Bezeq International-Ltd\", \"isp\": \"BEZEQINT\", \"lat\": 32.0668, \"lon\": 34.7649, \"org\": \"\", \"zip\": \"\", \"city\": \"Tel Aviv\", \"query\": \"82.81.27.189\", \"region\": \"TA\", \"status\": \"success\", \"country\": \"Israel\", \"timezone\": \"Asia/Jerusalem\", \"regionName\": \"Tel Aviv\", \"countryCode\": \"IL\"}','2021-11-30 14:53:00'),(18,1,'web','{\"as\": \"AS8551 Bezeq International-Ltd\", \"isp\": \"BEZEQINT\", \"lat\": 32.0668, \"lon\": 34.7649, \"org\": \"\", \"zip\": \"\", \"city\": \"Tel Aviv\", \"query\": \"82.81.27.189\", \"region\": \"TA\", \"status\": \"success\", \"country\": \"Israel\", \"timezone\": \"Asia/Jerusalem\", \"regionName\": \"Tel Aviv\", \"countryCode\": \"IL\"}','2021-11-30 14:53:19'),(19,15,'web','{\"as\": \"AS8551 Bezeq International-Ltd\", \"isp\": \"BEZEQINT\", \"lat\": 32.0668, \"lon\": 34.7649, \"org\": \"\", \"zip\": \"\", \"city\": \"Tel Aviv\", \"query\": \"82.81.27.189\", \"region\": \"TA\", \"status\": \"success\", \"country\": \"Israel\", \"timezone\": \"Asia/Jerusalem\", \"regionName\": \"Tel Aviv\", \"countryCode\": \"IL\"}','2021-11-30 14:54:33'),(20,15,'web','{\"as\": \"AS8551 Bezeq International-Ltd\", \"isp\": \"BEZEQINT\", \"lat\": 32.0668, \"lon\": 34.7649, \"org\": \"\", \"zip\": \"\", \"city\": \"Tel Aviv\", \"query\": \"82.81.27.189\", \"region\": \"TA\", \"status\": \"success\", \"country\": \"Israel\", \"timezone\": \"Asia/Jerusalem\", \"regionName\": \"Tel Aviv\", \"countryCode\": \"IL\"}','2021-11-30 14:55:15'),(21,15,'web','{\"as\": \"AS8551 Bezeq International-Ltd\", \"isp\": \"BEZEQINT\", \"lat\": 32.0668, \"lon\": 34.7649, \"org\": \"\", \"zip\": \"\", \"city\": \"Tel Aviv\", \"query\": \"82.81.27.189\", \"region\": \"TA\", \"status\": \"success\", \"country\": \"Israel\", \"timezone\": \"Asia/Jerusalem\", \"regionName\": \"Tel Aviv\", \"countryCode\": \"IL\"}','2021-11-30 15:03:14'),(22,15,'web','{\"as\": \"AS8551 Bezeq International-Ltd\", \"isp\": \"BEZEQINT\", \"lat\": 32.0668, \"lon\": 34.7649, \"org\": \"\", \"zip\": \"\", \"city\": \"Tel Aviv\", \"query\": \"82.81.27.189\", \"region\": \"TA\", \"status\": \"success\", \"country\": \"Israel\", \"timezone\": \"Asia/Jerusalem\", \"regionName\": \"Tel Aviv\", \"countryCode\": \"IL\"}','2021-11-30 15:03:19'),(23,1,'web','{\"as\": \"AS8551 Bezeq International-Ltd\", \"isp\": \"BEZEQINT\", \"lat\": 32.0668, \"lon\": 34.7649, \"org\": \"\", \"zip\": \"\", \"city\": \"Tel Aviv\", \"query\": \"82.81.27.189\", \"region\": \"TA\", \"status\": \"success\", \"country\": \"Israel\", \"timezone\": \"Asia/Jerusalem\", \"regionName\": \"Tel Aviv\", \"countryCode\": \"IL\"}','2021-11-30 15:04:20'),(24,20,'web','{\"as\": \"AS8551 Bezeq International-Ltd\", \"isp\": \"BEZEQINT\", \"lat\": 32.0668, \"lon\": 34.7649, \"org\": \"\", \"zip\": \"\", \"city\": \"Tel Aviv\", \"query\": \"82.81.27.189\", \"region\": \"TA\", \"status\": \"success\", \"country\": \"Israel\", \"timezone\": \"Asia/Jerusalem\", \"regionName\": \"Tel Aviv\", \"countryCode\": \"IL\"}','2021-11-30 15:06:29'),(25,1,'web','{\"as\": \"AS8551 Bezeq International-Ltd\", \"isp\": \"BEZEQINT\", \"lat\": 32.0668, \"lon\": 34.7649, \"org\": \"\", \"zip\": \"\", \"city\": \"Tel Aviv\", \"query\": \"82.81.27.189\", \"region\": \"TA\", \"status\": \"success\", \"country\": \"Israel\", \"timezone\": \"Asia/Jerusalem\", \"regionName\": \"Tel Aviv\", \"countryCode\": \"IL\"}','2021-11-30 15:08:42'),(26,15,'web','{\"as\": \"AS8551 Bezeq International-Ltd\", \"isp\": \"BEZEQINT\", \"lat\": 32.0668, \"lon\": 34.7649, \"org\": \"\", \"zip\": \"\", \"city\": \"Tel Aviv\", \"query\": \"82.81.27.189\", \"region\": \"TA\", \"status\": \"success\", \"country\": \"Israel\", \"timezone\": \"Asia/Jerusalem\", \"regionName\": \"Tel Aviv\", \"countryCode\": \"IL\"}','2021-11-30 15:14:37'),(27,15,'web','{\"as\": \"AS8551 Bezeq International-Ltd\", \"isp\": \"BEZEQINT\", \"lat\": 32.0668, \"lon\": 34.7649, \"org\": \"\", \"zip\": \"\", \"city\": \"Tel Aviv\", \"query\": \"82.81.27.189\", \"region\": \"TA\", \"status\": \"success\", \"country\": \"Israel\", \"timezone\": \"Asia/Jerusalem\", \"regionName\": \"Tel Aviv\", \"countryCode\": \"IL\"}','2021-11-30 15:20:14'),(28,20,'web','{\"as\": \"AS8551 Bezeq International-Ltd\", \"isp\": \"BEZEQINT\", \"lat\": 32.0668, \"lon\": 34.7649, \"org\": \"\", \"zip\": \"\", \"city\": \"Tel Aviv\", \"query\": \"82.81.27.189\", \"region\": \"TA\", \"status\": \"success\", \"country\": \"Israel\", \"timezone\": \"Asia/Jerusalem\", \"regionName\": \"Tel Aviv\", \"countryCode\": \"IL\"}','2021-12-01 06:44:57'),(29,20,'web','{\"as\": \"AS8551 Bezeq International-Ltd\", \"isp\": \"BEZEQINT\", \"lat\": 32.0668, \"lon\": 34.7649, \"org\": \"\", \"zip\": \"\", \"city\": \"Tel Aviv\", \"query\": \"82.81.27.189\", \"region\": \"TA\", \"status\": \"success\", \"country\": \"Israel\", \"timezone\": \"Asia/Jerusalem\", \"regionName\": \"Tel Aviv\", \"countryCode\": \"IL\"}','2021-12-01 06:52:15'),(30,20,'web','{\"as\": \"AS8551 Bezeq International-Ltd\", \"isp\": \"BEZEQINT\", \"lat\": 32.0668, \"lon\": 34.7649, \"org\": \"\", \"zip\": \"\", \"city\": \"Tel Aviv\", \"query\": \"82.81.27.189\", \"region\": \"TA\", \"status\": \"success\", \"country\": \"Israel\", \"timezone\": \"Asia/Jerusalem\", \"regionName\": \"Tel Aviv\", \"countryCode\": \"IL\"}','2021-12-01 06:53:52'),(31,1,'web','{\"as\": \"AS8551 Bezeq International-Ltd\", \"isp\": \"BEZEQINT\", \"lat\": 32.0668, \"lon\": 34.7649, \"org\": \"\", \"zip\": \"\", \"city\": \"Tel Aviv\", \"query\": \"82.81.27.189\", \"region\": \"TA\", \"status\": \"success\", \"country\": \"Israel\", \"timezone\": \"Asia/Jerusalem\", \"regionName\": \"Tel Aviv\", \"countryCode\": \"IL\"}','2021-12-01 07:30:33'),(32,1,'web','{\"as\": \"AS8551 Bezeq International-Ltd\", \"isp\": \"BEZEQINT\", \"lat\": 32.0668, \"lon\": 34.7649, \"org\": \"\", \"zip\": \"\", \"city\": \"Tel Aviv\", \"query\": \"82.81.27.189\", \"region\": \"TA\", \"status\": \"success\", \"country\": \"Israel\", \"timezone\": \"Asia/Jerusalem\", \"regionName\": \"Tel Aviv\", \"countryCode\": \"IL\"}','2021-12-01 08:26:48'),(33,1,'web','{\"as\": \"AS8551 Bezeq International-Ltd\", \"isp\": \"BEZEQINT\", \"lat\": 32.0668, \"lon\": 34.7649, \"org\": \"\", \"zip\": \"\", \"city\": \"Tel Aviv\", \"query\": \"82.81.27.189\", \"region\": \"TA\", \"status\": \"success\", \"country\": \"Israel\", \"timezone\": \"Asia/Jerusalem\", \"regionName\": \"Tel Aviv\", \"countryCode\": \"IL\"}','2021-12-01 08:26:51'),(34,12,'web','{\"as\": \"AS8551 Bezeq International-Ltd\", \"isp\": \"BEZEQINT\", \"lat\": 32.0668, \"lon\": 34.7649, \"org\": \"\", \"zip\": \"\", \"city\": \"Tel Aviv\", \"query\": \"82.81.27.189\", \"region\": \"TA\", \"status\": \"success\", \"country\": \"Israel\", \"timezone\": \"Asia/Jerusalem\", \"regionName\": \"Tel Aviv\", \"countryCode\": \"IL\"}','2021-12-01 09:05:49'),(35,15,'web','{\"as\": \"AS8551 Bezeq International-Ltd\", \"isp\": \"BEZEQINT\", \"lat\": 32.0668, \"lon\": 34.7649, \"org\": \"\", \"zip\": \"\", \"city\": \"Tel Aviv\", \"query\": \"82.81.27.189\", \"region\": \"TA\", \"status\": \"success\", \"country\": \"Israel\", \"timezone\": \"Asia/Jerusalem\", \"regionName\": \"Tel Aviv\", \"countryCode\": \"IL\"}','2021-12-01 09:07:49'),(36,15,'web','{\"as\": \"AS8551 Bezeq International-Ltd\", \"isp\": \"BEZEQINT\", \"lat\": 32.0668, \"lon\": 34.7649, \"org\": \"\", \"zip\": \"\", \"city\": \"Tel Aviv\", \"query\": \"82.81.27.189\", \"region\": \"TA\", \"status\": \"success\", \"country\": \"Israel\", \"timezone\": \"Asia/Jerusalem\", \"regionName\": \"Tel Aviv\", \"countryCode\": \"IL\"}','2021-12-01 09:08:06'),(37,12,'web','{\"as\": \"AS8551 Bezeq International-Ltd\", \"isp\": \"BEZEQINT\", \"lat\": 32.0668, \"lon\": 34.7649, \"org\": \"\", \"zip\": \"\", \"city\": \"Tel Aviv\", \"query\": \"82.81.27.189\", \"region\": \"TA\", \"status\": \"success\", \"country\": \"Israel\", \"timezone\": \"Asia/Jerusalem\", \"regionName\": \"Tel Aviv\", \"countryCode\": \"IL\"}','2021-12-01 09:08:43'),(38,1,'web','{\"as\": \"AS8551 Bezeq International-Ltd\", \"isp\": \"BEZEQINT\", \"lat\": 32.0668, \"lon\": 34.7649, \"org\": \"\", \"zip\": \"\", \"city\": \"Tel Aviv\", \"query\": \"82.81.27.189\", \"region\": \"TA\", \"status\": \"success\", \"country\": \"Israel\", \"timezone\": \"Asia/Jerusalem\", \"regionName\": \"Tel Aviv\", \"countryCode\": \"IL\"}','2021-12-01 09:17:56'),(39,20,'web','{\"as\": \"AS8551 Bezeq International-Ltd\", \"isp\": \"BEZEQINT\", \"lat\": 32.0668, \"lon\": 34.7649, \"org\": \"\", \"zip\": \"\", \"city\": \"Tel Aviv\", \"query\": \"82.81.27.189\", \"region\": \"TA\", \"status\": \"success\", \"country\": \"Israel\", \"timezone\": \"Asia/Jerusalem\", \"regionName\": \"Tel Aviv\", \"countryCode\": \"IL\"}','2021-12-01 09:48:21'),(40,1,'web','{\"as\": \"AS8551 Bezeq International-Ltd\", \"isp\": \"BEZEQINT\", \"lat\": 32.0668, \"lon\": 34.7649, \"org\": \"\", \"zip\": \"\", \"city\": \"Tel Aviv\", \"query\": \"82.81.27.189\", \"region\": \"TA\", \"status\": \"success\", \"country\": \"Israel\", \"timezone\": \"Asia/Jerusalem\", \"regionName\": \"Tel Aviv\", \"countryCode\": \"IL\"}','2021-12-01 09:58:01'),(41,1,'web','{\"as\": \"AS8551 Bezeq International-Ltd\", \"isp\": \"BEZEQINT\", \"lat\": 32.0668, \"lon\": 34.7649, \"org\": \"\", \"zip\": \"\", \"city\": \"Tel Aviv\", \"query\": \"82.81.27.189\", \"region\": \"TA\", \"status\": \"success\", \"country\": \"Israel\", \"timezone\": \"Asia/Jerusalem\", \"regionName\": \"Tel Aviv\", \"countryCode\": \"IL\"}','2021-12-01 10:18:23'),(42,1,'web','{\"as\": \"AS8551 Bezeq International-Ltd\", \"isp\": \"BEZEQINT\", \"lat\": 32.0668, \"lon\": 34.7649, \"org\": \"\", \"zip\": \"\", \"city\": \"Tel Aviv\", \"query\": \"82.81.27.189\", \"region\": \"TA\", \"status\": \"success\", \"country\": \"Israel\", \"timezone\": \"Asia/Jerusalem\", \"regionName\": \"Tel Aviv\", \"countryCode\": \"IL\"}','2021-12-01 12:57:36'),(43,1,'web','{\"as\": \"AS8551 Bezeq International-Ltd\", \"isp\": \"BEZEQINT\", \"lat\": 32.0668, \"lon\": 34.7649, \"org\": \"\", \"zip\": \"\", \"city\": \"Tel Aviv\", \"query\": \"82.81.27.189\", \"region\": \"TA\", \"status\": \"success\", \"country\": \"Israel\", \"timezone\": \"Asia/Jerusalem\", \"regionName\": \"Tel Aviv\", \"countryCode\": \"IL\"}','2021-12-01 15:01:32'),(44,1,'web','{\"as\": \"AS8551 Bezeq International-Ltd\", \"isp\": \"BEZEQINT\", \"lat\": 32.0668, \"lon\": 34.7649, \"org\": \"\", \"zip\": \"\", \"city\": \"Tel Aviv\", \"query\": \"82.81.27.189\", \"region\": \"TA\", \"status\": \"success\", \"country\": \"Israel\", \"timezone\": \"Asia/Jerusalem\", \"regionName\": \"Tel Aviv\", \"countryCode\": \"IL\"}','2021-12-02 05:57:59'),(45,1,'web','{\"as\": \"AS8551 Bezeq International-Ltd\", \"isp\": \"BEZEQINT\", \"lat\": 32.0668, \"lon\": 34.7649, \"org\": \"\", \"zip\": \"\", \"city\": \"Tel Aviv\", \"query\": \"82.81.27.189\", \"region\": \"TA\", \"status\": \"success\", \"country\": \"Israel\", \"timezone\": \"Asia/Jerusalem\", \"regionName\": \"Tel Aviv\", \"countryCode\": \"IL\"}','2021-12-02 08:17:49'),(46,1,'web','{\"as\": \"AS8551 Bezeq International-Ltd\", \"isp\": \"BEZEQINT\", \"lat\": 32.0668, \"lon\": 34.7649, \"org\": \"\", \"zip\": \"\", \"city\": \"Tel Aviv\", \"query\": \"82.81.27.189\", \"region\": \"TA\", \"status\": \"success\", \"country\": \"Israel\", \"timezone\": \"Asia/Jerusalem\", \"regionName\": \"Tel Aviv\", \"countryCode\": \"IL\"}','2021-12-02 09:42:06'),(47,1,'web','{\"as\": \"AS8551 Bezeq International-Ltd\", \"isp\": \"BEZEQINT\", \"lat\": 32.0668, \"lon\": 34.7649, \"org\": \"\", \"zip\": \"\", \"city\": \"Tel Aviv\", \"query\": \"82.81.27.189\", \"region\": \"TA\", \"status\": \"success\", \"country\": \"Israel\", \"timezone\": \"Asia/Jerusalem\", \"regionName\": \"Tel Aviv\", \"countryCode\": \"IL\"}','2021-12-02 11:12:43'),(48,1,'web','{\"as\": \"AS8551 Bezeq International-Ltd\", \"isp\": \"BEZEQINT\", \"lat\": 32.0668, \"lon\": 34.7649, \"org\": \"\", \"zip\": \"\", \"city\": \"Tel Aviv\", \"query\": \"82.81.27.189\", \"region\": \"TA\", \"status\": \"success\", \"country\": \"Israel\", \"timezone\": \"Asia/Jerusalem\", \"regionName\": \"Tel Aviv\", \"countryCode\": \"IL\"}','2021-12-02 13:18:05'),(49,1,'web','{\"as\": \"AS8551 Bezeq International-Ltd\", \"isp\": \"BEZEQINT\", \"lat\": 32.0668, \"lon\": 34.7649, \"org\": \"\", \"zip\": \"\", \"city\": \"Tel Aviv\", \"query\": \"82.81.27.189\", \"region\": \"TA\", \"status\": \"success\", \"country\": \"Israel\", \"timezone\": \"Asia/Jerusalem\", \"regionName\": \"Tel Aviv\", \"countryCode\": \"IL\"}','2021-12-05 11:28:26'),(50,1,'web','{\"as\": \"AS8551 Bezeq International-Ltd\", \"isp\": \"BEZEQINT\", \"lat\": 32.0668, \"lon\": 34.7649, \"org\": \"\", \"zip\": \"\", \"city\": \"Tel Aviv\", \"query\": \"82.81.27.189\", \"region\": \"TA\", \"status\": \"success\", \"country\": \"Israel\", \"timezone\": \"Asia/Jerusalem\", \"regionName\": \"Tel Aviv\", \"countryCode\": \"IL\"}','2021-12-05 11:57:57'),(51,1,'web','{\"as\": \"AS8551 Bezeq International-Ltd\", \"isp\": \"BEZEQINT\", \"lat\": 32.0668, \"lon\": 34.7649, \"org\": \"\", \"zip\": \"\", \"city\": \"Tel Aviv\", \"query\": \"82.81.27.189\", \"region\": \"TA\", \"status\": \"success\", \"country\": \"Israel\", \"timezone\": \"Asia/Jerusalem\", \"regionName\": \"Tel Aviv\", \"countryCode\": \"IL\"}','2021-12-05 11:58:19'),(52,1,'web','{\"as\": \"AS8551 Bezeq International-Ltd\", \"isp\": \"BEZEQINT\", \"lat\": 32.0668, \"lon\": 34.7649, \"org\": \"\", \"zip\": \"\", \"city\": \"Tel Aviv\", \"query\": \"82.81.27.189\", \"region\": \"TA\", \"status\": \"success\", \"country\": \"Israel\", \"timezone\": \"Asia/Jerusalem\", \"regionName\": \"Tel Aviv\", \"countryCode\": \"IL\"}','2021-12-05 12:07:08'),(53,15,'web','{\"as\": \"AS8551 Bezeq International-Ltd\", \"isp\": \"BEZEQINT\", \"lat\": 32.0668, \"lon\": 34.7649, \"org\": \"\", \"zip\": \"\", \"city\": \"Tel Aviv\", \"query\": \"82.81.27.189\", \"region\": \"TA\", \"status\": \"success\", \"country\": \"Israel\", \"timezone\": \"Asia/Jerusalem\", \"regionName\": \"Tel Aviv\", \"countryCode\": \"IL\"}','2021-12-05 13:18:40'),(54,1,'web','{\"as\": \"AS8551 Bezeq International-Ltd\", \"isp\": \"BEZEQINT\", \"lat\": 32.0668, \"lon\": 34.7649, \"org\": \"\", \"zip\": \"\", \"city\": \"Tel Aviv\", \"query\": \"82.81.27.189\", \"region\": \"TA\", \"status\": \"success\", \"country\": \"Israel\", \"timezone\": \"Asia/Jerusalem\", \"regionName\": \"Tel Aviv\", \"countryCode\": \"IL\"}','2021-12-06 10:44:06'),(55,1,'web','{\"as\": \"AS8551 Bezeq International-Ltd\", \"isp\": \"BEZEQINT\", \"lat\": 32.0668, \"lon\": 34.7649, \"org\": \"\", \"zip\": \"\", \"city\": \"Tel Aviv\", \"query\": \"82.81.27.189\", \"region\": \"TA\", \"status\": \"success\", \"country\": \"Israel\", \"timezone\": \"Asia/Jerusalem\", \"regionName\": \"Tel Aviv\", \"countryCode\": \"IL\"}','2021-12-06 11:05:54'),(56,12,'web','{\"as\": \"AS8551 Bezeq International-Ltd\", \"isp\": \"BEZEQINT\", \"lat\": 32.0668, \"lon\": 34.7649, \"org\": \"\", \"zip\": \"\", \"city\": \"Tel Aviv\", \"query\": \"82.81.27.189\", \"region\": \"TA\", \"status\": \"success\", \"country\": \"Israel\", \"timezone\": \"Asia/Jerusalem\", \"regionName\": \"Tel Aviv\", \"countryCode\": \"IL\"}','2021-12-06 11:06:07'),(57,12,'web','{\"as\": \"AS8551 Bezeq International-Ltd\", \"isp\": \"BEZEQINT\", \"lat\": 32.0668, \"lon\": 34.7649, \"org\": \"\", \"zip\": \"\", \"city\": \"Tel Aviv\", \"query\": \"82.81.27.189\", \"region\": \"TA\", \"status\": \"success\", \"country\": \"Israel\", \"timezone\": \"Asia/Jerusalem\", \"regionName\": \"Tel Aviv\", \"countryCode\": \"IL\"}','2021-12-06 11:17:30'),(58,1,'web','{\"as\": \"AS8551 Bezeq International-Ltd\", \"isp\": \"BEZEQINT\", \"lat\": 32.0668, \"lon\": 34.7649, \"org\": \"\", \"zip\": \"\", \"city\": \"Tel Aviv\", \"query\": \"82.81.27.189\", \"region\": \"TA\", \"status\": \"success\", \"country\": \"Israel\", \"timezone\": \"Asia/Jerusalem\", \"regionName\": \"Tel Aviv\", \"countryCode\": \"IL\"}','2021-12-06 11:42:53'),(59,1,'web','{\"as\": \"AS8551 Bezeq International-Ltd\", \"isp\": \"BEZEQINT\", \"lat\": 32.0668, \"lon\": 34.7649, \"org\": \"\", \"zip\": \"\", \"city\": \"Tel Aviv\", \"query\": \"82.81.27.189\", \"region\": \"TA\", \"status\": \"success\", \"country\": \"Israel\", \"timezone\": \"Asia/Jerusalem\", \"regionName\": \"Tel Aviv\", \"countryCode\": \"IL\"}','2021-12-06 11:57:03'),(60,12,'web','{\"as\": \"AS8551 Bezeq International-Ltd\", \"isp\": \"BEZEQINT\", \"lat\": 32.0668, \"lon\": 34.7649, \"org\": \"\", \"zip\": \"\", \"city\": \"Tel Aviv\", \"query\": \"82.81.27.189\", \"region\": \"TA\", \"status\": \"success\", \"country\": \"Israel\", \"timezone\": \"Asia/Jerusalem\", \"regionName\": \"Tel Aviv\", \"countryCode\": \"IL\"}','2021-12-06 12:16:40'),(61,1,'web','{\"as\": \"AS8551 Bezeq International-Ltd\", \"isp\": \"BEZEQINT\", \"lat\": 32.0668, \"lon\": 34.7649, \"org\": \"\", \"zip\": \"\", \"city\": \"Tel Aviv\", \"query\": \"82.81.27.189\", \"region\": \"TA\", \"status\": \"success\", \"country\": \"Israel\", \"timezone\": \"Asia/Jerusalem\", \"regionName\": \"Tel Aviv\", \"countryCode\": \"IL\"}','2021-12-08 07:33:02'),(62,1,'web','{\"as\": \"AS8551 Bezeq International-Ltd\", \"isp\": \"BEZEQINT\", \"lat\": 32.0668, \"lon\": 34.7649, \"org\": \"\", \"zip\": \"\", \"city\": \"Tel Aviv\", \"query\": \"82.81.27.189\", \"region\": \"TA\", \"status\": \"success\", \"country\": \"Israel\", \"timezone\": \"Asia/Jerusalem\", \"regionName\": \"Tel Aviv\", \"countryCode\": \"IL\"}','2021-12-08 09:02:21'),(63,1,'web','{\"as\": \"AS8551 Bezeq International-Ltd\", \"isp\": \"BEZEQINT\", \"lat\": 32.0668, \"lon\": 34.7649, \"org\": \"\", \"zip\": \"\", \"city\": \"Tel Aviv\", \"query\": \"82.81.27.189\", \"region\": \"TA\", \"status\": \"success\", \"country\": \"Israel\", \"timezone\": \"Asia/Jerusalem\", \"regionName\": \"Tel Aviv\", \"countryCode\": \"IL\"}','2021-12-08 10:12:53'),(64,1,'web','{\"as\": \"AS8551 Bezeq International-Ltd\", \"isp\": \"BEZEQINT\", \"lat\": 32.0668, \"lon\": 34.7649, \"org\": \"\", \"zip\": \"\", \"city\": \"Tel Aviv\", \"query\": \"82.81.27.189\", \"region\": \"TA\", \"status\": \"success\", \"country\": \"Israel\", \"timezone\": \"Asia/Jerusalem\", \"regionName\": \"Tel Aviv\", \"countryCode\": \"IL\"}','2021-12-08 11:28:39'),(65,1,'web','{\"as\": \"AS8551 Bezeq International-Ltd\", \"isp\": \"BEZEQINT\", \"lat\": 32.0668, \"lon\": 34.7649, \"org\": \"\", \"zip\": \"\", \"city\": \"Tel Aviv\", \"query\": \"82.81.27.189\", \"region\": \"TA\", \"status\": \"success\", \"country\": \"Israel\", \"timezone\": \"Asia/Jerusalem\", \"regionName\": \"Tel Aviv\", \"countryCode\": \"IL\"}','2021-12-08 11:42:20'),(66,1,'web','{\"as\": \"AS8551 Bezeq International-Ltd\", \"isp\": \"BEZEQINT\", \"lat\": 32.0668, \"lon\": 34.7649, \"org\": \"\", \"zip\": \"\", \"city\": \"Tel Aviv\", \"query\": \"82.81.27.189\", \"region\": \"TA\", \"status\": \"success\", \"country\": \"Israel\", \"timezone\": \"Asia/Jerusalem\", \"regionName\": \"Tel Aviv\", \"countryCode\": \"IL\"}','2021-12-08 12:06:01'),(67,1,'web','{\"as\": \"AS8551 Bezeq International-Ltd\", \"isp\": \"BEZEQINT\", \"lat\": 32.0668, \"lon\": 34.7649, \"org\": \"\", \"zip\": \"\", \"city\": \"Tel Aviv\", \"query\": \"82.81.27.189\", \"region\": \"TA\", \"status\": \"success\", \"country\": \"Israel\", \"timezone\": \"Asia/Jerusalem\", \"regionName\": \"Tel Aviv\", \"countryCode\": \"IL\"}','2021-12-08 13:20:58'),(68,15,'web','{\"as\": \"AS8551 Bezeq International-Ltd\", \"isp\": \"BEZEQINT\", \"lat\": 32.0668, \"lon\": 34.7649, \"org\": \"\", \"zip\": \"\", \"city\": \"Tel Aviv\", \"query\": \"82.81.27.189\", \"region\": \"TA\", \"status\": \"success\", \"country\": \"Israel\", \"timezone\": \"Asia/Jerusalem\", \"regionName\": \"Tel Aviv\", \"countryCode\": \"IL\"}','2021-12-08 14:01:21'),(69,1,'web','{\"as\": \"AS8551 Bezeq International-Ltd\", \"isp\": \"BEZEQINT\", \"lat\": 32.0668, \"lon\": 34.7649, \"org\": \"\", \"zip\": \"\", \"city\": \"Tel Aviv\", \"query\": \"82.81.27.189\", \"region\": \"TA\", \"status\": \"success\", \"country\": \"Israel\", \"timezone\": \"Asia/Jerusalem\", \"regionName\": \"Tel Aviv\", \"countryCode\": \"IL\"}','2021-12-08 14:16:05'),(70,20,'web','{\"as\": \"AS8551 Bezeq International-Ltd\", \"isp\": \"BEZEQINT\", \"lat\": 32.0668, \"lon\": 34.7649, \"org\": \"\", \"zip\": \"\", \"city\": \"Tel Aviv\", \"query\": \"82.81.27.189\", \"region\": \"TA\", \"status\": \"success\", \"country\": \"Israel\", \"timezone\": \"Asia/Jerusalem\", \"regionName\": \"Tel Aviv\", \"countryCode\": \"IL\"}','2021-12-08 14:22:04'),(71,15,'web','{\"as\": \"AS8551 Bezeq International-Ltd\", \"isp\": \"BEZEQINT\", \"lat\": 32.0668, \"lon\": 34.7649, \"org\": \"\", \"zip\": \"\", \"city\": \"Tel Aviv\", \"query\": \"82.81.27.189\", \"region\": \"TA\", \"status\": \"success\", \"country\": \"Israel\", \"timezone\": \"Asia/Jerusalem\", \"regionName\": \"Tel Aviv\", \"countryCode\": \"IL\"}','2021-12-08 15:01:10'),(72,1,'web','{\"as\": \"AS8551 Bezeq International-Ltd\", \"isp\": \"BEZEQINT\", \"lat\": 32.0668, \"lon\": 34.7649, \"org\": \"\", \"zip\": \"\", \"city\": \"Tel Aviv\", \"query\": \"82.81.27.189\", \"region\": \"TA\", \"status\": \"success\", \"country\": \"Israel\", \"timezone\": \"Asia/Jerusalem\", \"regionName\": \"Tel Aviv\", \"countryCode\": \"IL\"}','2021-12-09 08:10:46'),(73,1,'web','{\"as\": \"AS8551 Bezeq International-Ltd\", \"isp\": \"BEZEQINT\", \"lat\": 32.0668, \"lon\": 34.7649, \"org\": \"\", \"zip\": \"\", \"city\": \"Tel Aviv\", \"query\": \"82.81.27.189\", \"region\": \"TA\", \"status\": \"success\", \"country\": \"Israel\", \"timezone\": \"Asia/Jerusalem\", \"regionName\": \"Tel Aviv\", \"countryCode\": \"IL\"}','2021-12-09 09:35:06'),(74,1,'web','{\"as\": \"AS8551 Bezeq International-Ltd\", \"isp\": \"BEZEQINT\", \"lat\": 32.0668, \"lon\": 34.7649, \"org\": \"\", \"zip\": \"\", \"city\": \"Tel Aviv\", \"query\": \"82.81.27.189\", \"region\": \"TA\", \"status\": \"success\", \"country\": \"Israel\", \"timezone\": \"Asia/Jerusalem\", \"regionName\": \"Tel Aviv\", \"countryCode\": \"IL\"}','2021-12-09 11:43:38'),(75,1,'web','{\"as\": \"AS8551 Bezeq International-Ltd\", \"isp\": \"BEZEQINT\", \"lat\": 32.0668, \"lon\": 34.7649, \"org\": \"\", \"zip\": \"\", \"city\": \"Tel Aviv\", \"query\": \"82.81.27.189\", \"region\": \"TA\", \"status\": \"success\", \"country\": \"Israel\", \"timezone\": \"Asia/Jerusalem\", \"regionName\": \"Tel Aviv\", \"countryCode\": \"IL\"}','2021-12-09 14:20:54'),(76,3,'web','{\"as\": \"AS8551 Bezeq International-Ltd\", \"isp\": \"BEZEQINT\", \"lat\": 32.0668, \"lon\": 34.7649, \"org\": \"\", \"zip\": \"\", \"city\": \"Tel Aviv\", \"query\": \"82.81.27.189\", \"region\": \"TA\", \"status\": \"success\", \"country\": \"Israel\", \"timezone\": \"Asia/Jerusalem\", \"regionName\": \"Tel Aviv\", \"countryCode\": \"IL\"}','2021-12-09 14:29:55'),(77,2,'web','{\"as\": \"AS8551 Bezeq International-Ltd\", \"isp\": \"BEZEQINT\", \"lat\": 32.0668, \"lon\": 34.7649, \"org\": \"\", \"zip\": \"\", \"city\": \"Tel Aviv\", \"query\": \"82.81.27.189\", \"region\": \"TA\", \"status\": \"success\", \"country\": \"Israel\", \"timezone\": \"Asia/Jerusalem\", \"regionName\": \"Tel Aviv\", \"countryCode\": \"IL\"}','2021-12-09 14:39:01'),(78,1,'web','{\"as\": \"AS8551 Bezeq International-Ltd\", \"isp\": \"BEZEQINT\", \"lat\": 32.0668, \"lon\": 34.7649, \"org\": \"\", \"zip\": \"\", \"city\": \"Tel Aviv\", \"query\": \"82.81.27.189\", \"region\": \"TA\", \"status\": \"success\", \"country\": \"Israel\", \"timezone\": \"Asia/Jerusalem\", \"regionName\": \"Tel Aviv\", \"countryCode\": \"IL\"}','2021-12-09 15:30:13'),(79,2,'web','{\"as\": \"AS8551 Bezeq International-Ltd\", \"isp\": \"BEZEQINT\", \"lat\": 32.0668, \"lon\": 34.7649, \"org\": \"\", \"zip\": \"\", \"city\": \"Tel Aviv\", \"query\": \"82.81.27.189\", \"region\": \"TA\", \"status\": \"success\", \"country\": \"Israel\", \"timezone\": \"Asia/Jerusalem\", \"regionName\": \"Tel Aviv\", \"countryCode\": \"IL\"}','2021-12-09 15:55:23'),(80,7,'web','{\"as\": \"AS8551 Bezeq International-Ltd\", \"isp\": \"BEZEQINT\", \"lat\": 32.0668, \"lon\": 34.7649, \"org\": \"\", \"zip\": \"\", \"city\": \"Tel Aviv\", \"query\": \"82.81.27.189\", \"region\": \"TA\", \"status\": \"success\", \"country\": \"Israel\", \"timezone\": \"Asia/Jerusalem\", \"regionName\": \"Tel Aviv\", \"countryCode\": \"IL\"}','2021-12-09 15:58:21'),(81,4,'web','{\"as\": \"AS8551 Bezeq International-Ltd\", \"isp\": \"BEZEQINT\", \"lat\": 32.0668, \"lon\": 34.7649, \"org\": \"\", \"zip\": \"\", \"city\": \"Tel Aviv\", \"query\": \"82.81.27.189\", \"region\": \"TA\", \"status\": \"success\", \"country\": \"Israel\", \"timezone\": \"Asia/Jerusalem\", \"regionName\": \"Tel Aviv\", \"countryCode\": \"IL\"}','2021-12-12 06:54:21'),(82,1,'web','{\"as\": \"AS8551 Bezeq International-Ltd\", \"isp\": \"BEZEQINT\", \"lat\": 32.0668, \"lon\": 34.7649, \"org\": \"\", \"zip\": \"\", \"city\": \"Tel Aviv\", \"query\": \"82.81.27.189\", \"region\": \"TA\", \"status\": \"success\", \"country\": \"Israel\", \"timezone\": \"Asia/Jerusalem\", \"regionName\": \"Tel Aviv\", \"countryCode\": \"IL\"}','2021-12-12 06:55:18'),(83,7,'web','{\"as\": \"AS8551 Bezeq International-Ltd\", \"isp\": \"BEZEQINT\", \"lat\": 32.0668, \"lon\": 34.7649, \"org\": \"\", \"zip\": \"\", \"city\": \"Tel Aviv\", \"query\": \"82.81.27.189\", \"region\": \"TA\", \"status\": \"success\", \"country\": \"Israel\", \"timezone\": \"Asia/Jerusalem\", \"regionName\": \"Tel Aviv\", \"countryCode\": \"IL\"}','2021-12-12 07:28:15'),(84,4,'web','{\"as\": \"AS8551 Bezeq International-Ltd\", \"isp\": \"BEZEQINT\", \"lat\": 32.0668, \"lon\": 34.7649, \"org\": \"\", \"zip\": \"\", \"city\": \"Tel Aviv\", \"query\": \"82.81.27.189\", \"region\": \"TA\", \"status\": \"success\", \"country\": \"Israel\", \"timezone\": \"Asia/Jerusalem\", \"regionName\": \"Tel Aviv\", \"countryCode\": \"IL\"}','2021-12-12 07:29:19'),(85,15,'web','{\"as\": \"AS8551 Bezeq International-Ltd\", \"isp\": \"BEZEQINT\", \"lat\": 32.0668, \"lon\": 34.7649, \"org\": \"\", \"zip\": \"\", \"city\": \"Tel Aviv\", \"query\": \"82.81.27.189\", \"region\": \"TA\", \"status\": \"success\", \"country\": \"Israel\", \"timezone\": \"Asia/Jerusalem\", \"regionName\": \"Tel Aviv\", \"countryCode\": \"IL\"}','2021-12-12 10:12:49'),(86,15,'web','{\"as\": \"AS8551 Bezeq International-Ltd\", \"isp\": \"BEZEQINT\", \"lat\": 32.0668, \"lon\": 34.7649, \"org\": \"\", \"zip\": \"\", \"city\": \"Tel Aviv\", \"query\": \"82.81.27.189\", \"region\": \"TA\", \"status\": \"success\", \"country\": \"Israel\", \"timezone\": \"Asia/Jerusalem\", \"regionName\": \"Tel Aviv\", \"countryCode\": \"IL\"}','2021-12-12 10:23:58'),(87,20,'web','{\"as\": \"AS8551 Bezeq International-Ltd\", \"isp\": \"BEZEQINT\", \"lat\": 32.0668, \"lon\": 34.7649, \"org\": \"\", \"zip\": \"\", \"city\": \"Tel Aviv\", \"query\": \"82.81.27.189\", \"region\": \"TA\", \"status\": \"success\", \"country\": \"Israel\", \"timezone\": \"Asia/Jerusalem\", \"regionName\": \"Tel Aviv\", \"countryCode\": \"IL\"}','2021-12-12 10:24:11'),(88,15,'web','{\"as\": \"AS8551 Bezeq International-Ltd\", \"isp\": \"BEZEQINT\", \"lat\": 32.0668, \"lon\": 34.7649, \"org\": \"\", \"zip\": \"\", \"city\": \"Tel Aviv\", \"query\": \"82.81.27.189\", \"region\": \"TA\", \"status\": \"success\", \"country\": \"Israel\", \"timezone\": \"Asia/Jerusalem\", \"regionName\": \"Tel Aviv\", \"countryCode\": \"IL\"}','2021-12-13 06:36:22'),(89,4,'web','{\"as\": \"AS8551 Bezeq International-Ltd\", \"isp\": \"BEZEQINT\", \"lat\": 32.0668, \"lon\": 34.7649, \"org\": \"\", \"zip\": \"\", \"city\": \"Tel Aviv\", \"query\": \"82.81.27.189\", \"region\": \"TA\", \"status\": \"success\", \"country\": \"Israel\", \"timezone\": \"Asia/Jerusalem\", \"regionName\": \"Tel Aviv\", \"countryCode\": \"IL\"}','2021-12-13 11:39:09'),(90,4,'web','{\"as\": \"AS8551 Bezeq International-Ltd\", \"isp\": \"BEZEQINT\", \"lat\": 32.0668, \"lon\": 34.7649, \"org\": \"\", \"zip\": \"\", \"city\": \"Tel Aviv\", \"query\": \"82.81.27.189\", \"region\": \"TA\", \"status\": \"success\", \"country\": \"Israel\", \"timezone\": \"Asia/Jerusalem\", \"regionName\": \"Tel Aviv\", \"countryCode\": \"IL\"}','2021-12-13 12:17:18'),(91,20,'web','{\"as\": \"AS8551 Bezeq International-Ltd\", \"isp\": \"BEZEQINT\", \"lat\": 32.0668, \"lon\": 34.7649, \"org\": \"\", \"zip\": \"\", \"city\": \"Tel Aviv\", \"query\": \"82.81.27.189\", \"region\": \"TA\", \"status\": \"success\", \"country\": \"Israel\", \"timezone\": \"Asia/Jerusalem\", \"regionName\": \"Tel Aviv\", \"countryCode\": \"IL\"}','2021-12-13 12:37:33'),(92,1,'web','{\"as\": \"AS8551 Bezeq International-Ltd\", \"isp\": \"BEZEQINT\", \"lat\": 32.0668, \"lon\": 34.7649, \"org\": \"\", \"zip\": \"\", \"city\": \"Tel Aviv\", \"query\": \"82.81.27.189\", \"region\": \"TA\", \"status\": \"success\", \"country\": \"Israel\", \"timezone\": \"Asia/Jerusalem\", \"regionName\": \"Tel Aviv\", \"countryCode\": \"IL\"}','2021-12-14 07:46:41'),(93,16,'web','{\"as\": \"AS8551 Bezeq International-Ltd\", \"isp\": \"BEZEQINT\", \"lat\": 32.0668, \"lon\": 34.7649, \"org\": \"\", \"zip\": \"\", \"city\": \"Tel Aviv\", \"query\": \"82.81.27.189\", \"region\": \"TA\", \"status\": \"success\", \"country\": \"Israel\", \"timezone\": \"Asia/Jerusalem\", \"regionName\": \"Tel Aviv\", \"countryCode\": \"IL\"}','2021-12-14 11:21:32'),(94,16,'web','{\"as\": \"AS8551 Bezeq International-Ltd\", \"isp\": \"BEZEQINT\", \"lat\": 32.0668, \"lon\": 34.7649, \"org\": \"\", \"zip\": \"\", \"city\": \"Tel Aviv\", \"query\": \"82.81.27.189\", \"region\": \"TA\", \"status\": \"success\", \"country\": \"Israel\", \"timezone\": \"Asia/Jerusalem\", \"regionName\": \"Tel Aviv\", \"countryCode\": \"IL\"}','2021-12-14 11:25:18'),(95,16,'web','{\"as\": \"AS8551 Bezeq International-Ltd\", \"isp\": \"BEZEQINT\", \"lat\": 32.0668, \"lon\": 34.7649, \"org\": \"\", \"zip\": \"\", \"city\": \"Tel Aviv\", \"query\": \"82.81.27.189\", \"region\": \"TA\", \"status\": \"success\", \"country\": \"Israel\", \"timezone\": \"Asia/Jerusalem\", \"regionName\": \"Tel Aviv\", \"countryCode\": \"IL\"}','2021-12-15 07:40:10'),(96,1,'web','{\"as\": \"AS8551 Bezeq International-Ltd\", \"isp\": \"BEZEQINT\", \"lat\": 32.0668, \"lon\": 34.7649, \"org\": \"\", \"zip\": \"\", \"city\": \"Tel Aviv\", \"query\": \"82.81.27.189\", \"region\": \"TA\", \"status\": \"success\", \"country\": \"Israel\", \"timezone\": \"Asia/Jerusalem\", \"regionName\": \"Tel Aviv\", \"countryCode\": \"IL\"}','2021-12-15 09:21:57'),(97,1,'web','{\"as\": \"AS8551 Bezeq International-Ltd\", \"isp\": \"BEZEQINT\", \"lat\": 32.0668, \"lon\": 34.7649, \"org\": \"\", \"zip\": \"\", \"city\": \"Tel Aviv\", \"query\": \"82.81.27.189\", \"region\": \"TA\", \"status\": \"success\", \"country\": \"Israel\", \"timezone\": \"Asia/Jerusalem\", \"regionName\": \"Tel Aviv\", \"countryCode\": \"IL\"}','2021-12-15 09:24:38'),(98,15,'web','{\"as\": \"AS8551 Bezeq International-Ltd\", \"isp\": \"BEZEQINT\", \"lat\": 32.0668, \"lon\": 34.7649, \"org\": \"\", \"zip\": \"\", \"city\": \"Tel Aviv\", \"query\": \"82.81.27.189\", \"region\": \"TA\", \"status\": \"success\", \"country\": \"Israel\", \"timezone\": \"Asia/Jerusalem\", \"regionName\": \"Tel Aviv\", \"countryCode\": \"IL\"}','2021-12-15 11:51:19'),(99,16,'web','{\"as\": \"AS8551 Bezeq International-Ltd\", \"isp\": \"BEZEQINT\", \"lat\": 32.0668, \"lon\": 34.7649, \"org\": \"\", \"zip\": \"\", \"city\": \"Tel Aviv\", \"query\": \"82.81.27.189\", \"region\": \"TA\", \"status\": \"success\", \"country\": \"Israel\", \"timezone\": \"Asia/Jerusalem\", \"regionName\": \"Tel Aviv\", \"countryCode\": \"IL\"}','2021-12-15 12:56:55'),(100,15,'web','{\"as\": \"AS8551 Bezeq International-Ltd\", \"isp\": \"BEZEQINT\", \"lat\": 32.0668, \"lon\": 34.7649, \"org\": \"\", \"zip\": \"\", \"city\": \"Tel Aviv\", \"query\": \"82.81.27.189\", \"region\": \"TA\", \"status\": \"success\", \"country\": \"Israel\", \"timezone\": \"Asia/Jerusalem\", \"regionName\": \"Tel Aviv\", \"countryCode\": \"IL\"}','2021-12-15 13:08:54'),(101,1,'web','{\"as\": \"AS8551 Bezeq International-Ltd\", \"isp\": \"BEZEQINT\", \"lat\": 32.0668, \"lon\": 34.7649, \"org\": \"\", \"zip\": \"\", \"city\": \"Tel Aviv\", \"query\": \"82.81.27.189\", \"region\": \"TA\", \"status\": \"success\", \"country\": \"Israel\", \"timezone\": \"Asia/Jerusalem\", \"regionName\": \"Tel Aviv\", \"countryCode\": \"IL\"}','2021-12-15 13:14:31'),(102,16,'web','{\"as\": \"AS8551 Bezeq International-Ltd\", \"isp\": \"BEZEQINT\", \"lat\": 32.0668, \"lon\": 34.7649, \"org\": \"\", \"zip\": \"\", \"city\": \"Tel Aviv\", \"query\": \"82.81.27.189\", \"region\": \"TA\", \"status\": \"success\", \"country\": \"Israel\", \"timezone\": \"Asia/Jerusalem\", \"regionName\": \"Tel Aviv\", \"countryCode\": \"IL\"}','2021-12-15 13:20:07'),(103,16,'web','{\"as\": \"AS8551 Bezeq International-Ltd\", \"isp\": \"BEZEQINT\", \"lat\": 32.0668, \"lon\": 34.7649, \"org\": \"\", \"zip\": \"\", \"city\": \"Tel Aviv\", \"query\": \"82.81.27.189\", \"region\": \"TA\", \"status\": \"success\", \"country\": \"Israel\", \"timezone\": \"Asia/Jerusalem\", \"regionName\": \"Tel Aviv\", \"countryCode\": \"IL\"}','2021-12-15 13:20:10'),(104,1,'web','{\"as\": \"AS8551 Bezeq International-Ltd\", \"isp\": \"BEZEQINT\", \"lat\": 32.0668, \"lon\": 34.7649, \"org\": \"\", \"zip\": \"\", \"city\": \"Tel Aviv\", \"query\": \"82.81.27.189\", \"region\": \"TA\", \"status\": \"success\", \"country\": \"Israel\", \"timezone\": \"Asia/Jerusalem\", \"regionName\": \"Tel Aviv\", \"countryCode\": \"IL\"}','2021-12-15 13:21:43'),(105,15,'web','{\"as\": \"AS8551 Bezeq International-Ltd\", \"isp\": \"BEZEQINT\", \"lat\": 32.0668, \"lon\": 34.7649, \"org\": \"\", \"zip\": \"\", \"city\": \"Tel Aviv\", \"query\": \"82.81.27.189\", \"region\": \"TA\", \"status\": \"success\", \"country\": \"Israel\", \"timezone\": \"Asia/Jerusalem\", \"regionName\": \"Tel Aviv\", \"countryCode\": \"IL\"}','2021-12-15 14:23:20'),(106,1,'web','{\"as\": \"AS8551 Bezeq International-Ltd\", \"isp\": \"BEZEQINT\", \"lat\": 32.0668, \"lon\": 34.7649, \"org\": \"\", \"zip\": \"\", \"city\": \"Tel Aviv\", \"query\": \"82.81.27.189\", \"region\": \"TA\", \"status\": \"success\", \"country\": \"Israel\", \"timezone\": \"Asia/Jerusalem\", \"regionName\": \"Tel Aviv\", \"countryCode\": \"IL\"}','2021-12-15 15:39:56'),(107,16,'web','{\"as\": \"AS8551 Bezeq International-Ltd\", \"isp\": \"BEZEQINT\", \"lat\": 32.0668, \"lon\": 34.7649, \"org\": \"\", \"zip\": \"\", \"city\": \"Tel Aviv\", \"query\": \"82.81.27.189\", \"region\": \"TA\", \"status\": \"success\", \"country\": \"Israel\", \"timezone\": \"Asia/Jerusalem\", \"regionName\": \"Tel Aviv\", \"countryCode\": \"IL\"}','2021-12-15 15:42:21'),(108,1,'web','{\"as\": \"AS8551 Bezeq International-Ltd\", \"isp\": \"BEZEQINT\", \"lat\": 32.0668, \"lon\": 34.7649, \"org\": \"\", \"zip\": \"\", \"city\": \"Tel Aviv\", \"query\": \"82.81.27.189\", \"region\": \"TA\", \"status\": \"success\", \"country\": \"Israel\", \"timezone\": \"Asia/Jerusalem\", \"regionName\": \"Tel Aviv\", \"countryCode\": \"IL\"}','2021-12-15 16:44:33'),(109,15,'web','{\"as\": \"AS8551 Bezeq International-Ltd\", \"isp\": \"BEZEQINT\", \"lat\": 32.0668, \"lon\": 34.7649, \"org\": \"\", \"zip\": \"\", \"city\": \"Tel Aviv\", \"query\": \"82.81.27.189\", \"region\": \"TA\", \"status\": \"success\", \"country\": \"Israel\", \"timezone\": \"Asia/Jerusalem\", \"regionName\": \"Tel Aviv\", \"countryCode\": \"IL\"}','2021-12-16 07:24:21'),(110,1,'web','{\"as\": \"AS8551 Bezeq International-Ltd\", \"isp\": \"BEZEQINT\", \"lat\": 32.0668, \"lon\": 34.7649, \"org\": \"\", \"zip\": \"\", \"city\": \"Tel Aviv\", \"query\": \"82.81.27.189\", \"region\": \"TA\", \"status\": \"success\", \"country\": \"Israel\", \"timezone\": \"Asia/Jerusalem\", \"regionName\": \"Tel Aviv\", \"countryCode\": \"IL\"}','2021-12-16 07:36:35'),(111,15,'web','{\"as\": \"AS8551 Bezeq International-Ltd\", \"isp\": \"BEZEQINT\", \"lat\": 32.0668, \"lon\": 34.7649, \"org\": \"\", \"zip\": \"\", \"city\": \"Tel Aviv\", \"query\": \"82.81.27.189\", \"region\": \"TA\", \"status\": \"success\", \"country\": \"Israel\", \"timezone\": \"Asia/Jerusalem\", \"regionName\": \"Tel Aviv\", \"countryCode\": \"IL\"}','2021-12-16 07:54:27');
/*!40000 ALTER TABLE `connection` ENABLE KEYS */;
UNLOCK TABLES;

--
-- Table structure for table `contract`
--

DROP TABLE IF EXISTS `contract`;
/*!40101 SET @saved_cs_client     = @@character_set_client */;
/*!50503 SET character_set_client = utf8mb4 */;
CREATE TABLE `contract` (
  `id` int unsigned NOT NULL AUTO_INCREMENT,
  `sales_id` int unsigned NOT NULL,
  `company_id` int unsigned NOT NULL,
  `uuid` varchar(36) NOT NULL,
  `amount` float NOT NULL,
  `periodicity` enum('monthly','quarterly','half','fully') NOT NULL,
  `members` int NOT NULL,
  `currency` char(4) NOT NULL,
  `is_active` tinyint NOT NULL DEFAULT '1',
  `start_at` timestamp NOT NULL DEFAULT CURRENT_TIMESTAMP,
  `end_at` timestamp NOT NULL,
  `created_at` timestamp NOT NULL DEFAULT CURRENT_TIMESTAMP,
  `updated_at` timestamp NOT NULL DEFAULT CURRENT_TIMESTAMP ON UPDATE CURRENT_TIMESTAMP,
  PRIMARY KEY (`id`),
  UNIQUE KEY `uuid_UNIQUE` (`uuid`),
  KEY `fk_contract_company1_idx` (`company_id`),
  KEY `fk_contract_user1_idx` (`sales_id`),
  CONSTRAINT `fk_contract_company1` FOREIGN KEY (`company_id`) REFERENCES `company` (`id`),
  CONSTRAINT `fk_contract_user1` FOREIGN KEY (`sales_id`) REFERENCES `user` (`id`)
) ENGINE=InnoDB AUTO_INCREMENT=41 DEFAULT CHARSET=utf8mb3;
/*!40101 SET character_set_client = @saved_cs_client */;

--
-- Dumping data for table `contract`
--

LOCK TABLES `contract` WRITE;
/*!40000 ALTER TABLE `contract` DISABLE KEYS */;
INSERT INTO `contract` VALUES (1,13,1,'8f80309d-5374-11ec-9663-9c7bef452e53',4,'fully',5,'AMD',0,'2021-12-13 10:15:11','0000-00-00 00:00:00','2021-12-02 13:34:23','2021-12-05 14:26:10'),(2,13,1,'9ac0817d-5374-11ec-9663-9c7bef452e53',4.34535,'fully',5,'AMD',1,'2021-12-13 10:15:11','0000-00-00 00:00:00','2021-12-02 13:34:41','2021-12-02 13:34:41'),(3,13,1,'4bcb7135-5379-11ec-9663-9c7bef452e53',4.34535,'fully',5,'AMD',1,'2021-12-13 10:15:11','0000-00-00 00:00:00','2021-12-02 14:08:16','2021-12-02 14:08:16'),(4,13,1,'e23c38d1-5380-11ec-9663-9c7bef452e53',4.34535,'fully',5,'AMD',1,'2021-12-13 10:15:11','0000-00-00 00:00:00','2021-12-02 15:02:35','2021-12-02 15:02:35'),(5,13,1,'f7b17e16-5380-11ec-9663-9c7bef452e53',4.34535,'fully',5,'AMD',1,'2021-12-13 10:15:11','0000-00-00 00:00:00','2021-12-02 15:03:11','2021-12-02 15:03:11'),(6,50,58,'05d5d51f-5381-11ec-9663-9c7bef452e53',20,'half',3,'BHD',1,'2021-12-17 02:57:00','0000-00-00 00:00:00','2021-12-02 15:03:35','2021-12-02 15:03:35'),(7,50,71,'0d0561ad-5382-11ec-9663-9c7bef452e53',200,'quarterly',3,'CDF',1,'2021-12-17 03:10:00','0000-00-00 00:00:00','2021-12-02 15:10:57','2021-12-02 15:10:57'),(8,50,72,'3a6c282d-5382-11ec-9663-9c7bef452e53',45,'quarterly',1,'BGN',1,'2021-12-11 03:12:00','0000-00-00 00:00:00','2021-12-02 15:12:13','2021-12-02 15:12:13'),(9,50,72,'75791319-5382-11ec-9663-9c7bef452e53',45,'quarterly',1,'BGN',1,'2021-12-11 03:12:00','0000-00-00 00:00:00','2021-12-02 15:13:52','2021-12-02 15:13:52'),(10,50,80,'81259ba4-5387-11ec-9663-9c7bef452e53',20,'monthly',2,'BGN',1,'2021-12-04 03:49:00','0000-00-00 00:00:00','2021-12-02 15:49:59','2021-12-02 15:49:59'),(11,13,1,'3ea0d038-5388-11ec-9663-9c7bef452e53',4.34535,'fully',5,'AMD',1,'2021-12-13 10:15:11','0000-00-00 00:00:00','2021-12-02 15:55:17','2021-12-02 15:55:17'),(12,13,1,'5b994eae-5388-11ec-9663-9c7bef452e53',4.34535,'fully',5,'AMD',1,'2021-12-13 10:15:11','0000-00-00 00:00:00','2021-12-02 15:56:05','2021-12-02 15:56:05'),(13,13,1,'6e310902-5388-11ec-9663-9c7bef452e53',4.34535,'fully',5,'AMD',1,'2021-12-13 10:15:11','0000-00-00 00:00:00','2021-12-02 15:56:37','2021-12-02 15:56:37'),(14,13,1,'864d011d-5388-11ec-9663-9c7bef452e53',4.34535,'fully',5,'AMD',1,'2021-12-13 10:15:11','0000-00-00 00:00:00','2021-12-02 15:57:17','2021-12-02 15:57:17'),(15,50,79,'9254bfb0-5388-11ec-9663-9c7bef452e53',200,'monthly',2,'BGN',1,'2021-12-04 03:57:00','0000-00-00 00:00:00','2021-12-02 15:57:37','2021-12-02 15:57:37'),(16,50,82,'ba2649e4-538a-11ec-9663-9c7bef452e53',200,'monthly',12,'BIF',1,'2021-12-10 04:12:00','0000-00-00 00:00:00','2021-12-02 16:13:03','2021-12-02 16:13:03'),(17,50,86,'06a2ebef-55d7-11ec-9663-9c7bef452e53',10,'fully',5,'AMD',1,'2021-12-13 10:15:11','0000-00-00 00:00:00','2021-12-05 14:24:15','2021-12-05 14:31:12'),(18,13,83,'7b0914c1-581c-11ec-9663-9c7bef452e53',4,'fully',5,'AMD',0,'2021-12-13 10:15:11','0000-00-00 00:00:00','2021-12-08 11:46:28','2021-12-14 12:02:58'),(19,50,83,'f31a43a0-582b-11ec-9663-9c7bef452e53',200,'monthly',5,'AED',0,'2021-12-10 01:37:00','0000-00-00 00:00:00','2021-12-08 13:37:12','2021-12-09 12:51:58'),(20,50,83,'4e32a332-582c-11ec-9663-9c7bef452e53',200,'monthly',5,'AED',0,'2021-12-09 01:39:00','0000-00-00 00:00:00','2021-12-08 13:39:45','2021-12-09 12:51:58'),(21,50,83,'5c654829-582e-11ec-9663-9c7bef452e53',200,'monthly',5,'AED',0,'2021-12-08 01:54:15','0000-00-00 00:00:00','2021-12-08 13:54:28','2021-12-09 12:51:58'),(22,50,83,'9441ad9c-582e-11ec-9663-9c7bef452e53',200,'monthly',5,'AED',0,'2021-12-11 01:55:00','0000-00-00 00:00:00','2021-12-08 13:56:02','2021-12-09 12:51:58'),(23,13,102,'8357aca8-5bed-11ec-9663-9c7bef452e53',4,'fully',5,'AMD',1,'2021-12-13 10:15:11','0000-00-00 00:00:00','2021-12-13 08:20:21','2021-12-13 08:20:21'),(24,13,103,'ad80a8fe-5bf5-11ec-9663-9c7bef452e53',15000,'fully',10,'AMD',0,'2010-01-02 10:15:11','0000-00-00 00:00:00','2021-12-13 09:18:47','2021-12-13 09:47:22'),(25,13,103,'b69eed8b-5bf5-11ec-9663-9c7bef452e53',15000,'fully',10,'AMD',0,'2010-01-02 10:15:11','0000-00-00 00:00:00','2021-12-13 09:19:03','2021-12-13 09:47:22'),(26,13,103,'a540603e-5bf6-11ec-9663-9c7bef452e53',15000,'fully',10,'AMD',0,'2012-01-02 10:15:11','0000-00-00 00:00:00','2021-12-13 09:25:43','2021-12-13 09:47:22'),(27,13,103,'b30e2254-5bf6-11ec-9663-9c7bef452e53',15000,'fully',10,'AMD',0,'2013-01-02 10:15:11','0000-00-00 00:00:00','2021-12-13 09:26:06','2021-12-13 09:47:22'),(28,13,103,'c45612e4-5bf6-11ec-9663-9c7bef452e53',15000,'fully',10,'AMD',0,'2015-01-02 10:15:11','0000-00-00 00:00:00','2021-12-13 09:26:35','2021-12-13 09:47:22'),(29,13,103,'ce4e2d3c-5bf7-11ec-9663-9c7bef452e53',15000,'fully',10,'AMD',0,'2019-02-02 10:15:11','0000-00-00 00:00:00','2021-12-13 09:34:01','2021-12-13 09:47:22'),(30,13,103,'d81245c3-5bf7-11ec-9663-9c7bef452e53',15000,'fully',10,'AMD',0,'2020-02-02 10:15:11','0000-00-00 00:00:00','2021-12-13 09:34:18','2021-12-13 09:47:22'),(31,13,103,'ab6da293-5bf9-11ec-9663-9c7bef452e53',15000,'fully',10,'AMD',0,'2020-02-02 10:15:11','0000-00-00 00:00:00','2021-12-13 09:47:22','2021-12-13 09:51:01'),(32,13,103,'2e3a1d83-5bfa-11ec-9663-9c7bef452e53',15000,'fully',10,'AMD',0,'2021-02-02 10:15:11','0000-00-00 00:00:00','2021-12-13 09:51:01','2021-12-13 09:51:42'),(33,13,103,'465780dd-5bfa-11ec-9663-9c7bef452e53',15000,'fully',10,'AMD',1,'2021-03-02 10:15:11','0000-00-00 00:00:00','2021-12-13 09:51:42','2021-12-13 09:51:42'),(34,3,117,'ca1ba13f-5cd3-11ec-9663-9c7bef452e53',4,'fully',5,'AMD',1,'2021-12-13 10:15:11','0000-00-00 00:00:00','2021-12-14 11:48:44','2021-12-14 11:48:44'),(35,13,83,'c7b45ae7-5cd5-11ec-9663-9c7bef452e53',4,'fully',5,'AMD',1,'2021-12-13 10:15:11','0000-00-00 00:00:00','2021-12-14 12:02:58','2021-12-14 12:02:58'),(36,13,110,'53afc069-5cd6-11ec-9663-9c7bef452e53',4,'fully',5,'AMD',0,'2021-12-13 10:15:11','0000-00-00 00:00:00','2021-12-14 12:06:53','2021-12-14 15:51:53'),(37,13,118,'a4a15d47-5cf5-11ec-9663-9c7bef452e53',4,'fully',5,'AMD',0,'2021-12-13 10:15:11','0000-00-00 00:00:00','2021-12-14 15:51:04','2021-12-14 15:51:22'),(38,13,118,'af5bbe4a-5cf5-11ec-9663-9c7bef452e53',5,'fully',5,'AMD',1,'2022-12-13 10:15:11','0000-00-00 00:00:00','2021-12-14 15:51:22','2021-12-14 15:51:22'),(39,13,110,'c22bb970-5cf5-11ec-9663-9c7bef452e53',5,'fully',5,'AMD',1,'2022-12-13 10:15:11','0000-00-00 00:00:00','2021-12-14 15:51:53','2021-12-14 15:51:53'),(40,13,121,'eb8877d0-5daf-11ec-9663-9c7bef452e53',4,'fully',5,'AMD',1,'2020-12-13 10:15:11','2021-12-13 10:15:11','2021-12-15 14:04:29','2021-12-15 14:04:29');
/*!40000 ALTER TABLE `contract` ENABLE KEYS */;
UNLOCK TABLES;

--
-- Table structure for table `country`
--

DROP TABLE IF EXISTS `country`;
/*!40101 SET @saved_cs_client     = @@character_set_client */;
/*!50503 SET character_set_client = utf8mb4 */;
CREATE TABLE `country` (
  `name` varchar(255) NOT NULL,
  `iso_code_2` char(2) NOT NULL,
  `iso_code_3` char(3) NOT NULL,
  `dialing_code` char(3) DEFAULT NULL,
  `created_at` timestamp NOT NULL DEFAULT CURRENT_TIMESTAMP,
  `updated_at` timestamp NOT NULL DEFAULT CURRENT_TIMESTAMP ON UPDATE CURRENT_TIMESTAMP,
  PRIMARY KEY (`iso_code_2`),
  UNIQUE KEY `name_UNIQUE` (`name`)
) ENGINE=InnoDB DEFAULT CHARSET=utf8mb3;
/*!40101 SET character_set_client = @saved_cs_client */;

--
-- Dumping data for table `country`
--

LOCK TABLES `country` WRITE;
/*!40000 ALTER TABLE `country` DISABLE KEYS */;
INSERT INTO `country` VALUES ('United Arab Emirates','AE','ARE','971','2021-11-24 12:54:00','2021-11-24 12:54:00'),('Switzerland','CH','CHE','41','2021-11-24 12:54:00','2021-11-24 12:54:00'),('Germany','DE','DEU','49','2021-11-24 12:54:00','2021-11-24 12:54:00'),('Ecuador','EC','ECU','593','2021-11-24 12:54:00','2021-11-24 12:54:00'),('Estonia','EE','EST','372','2021-11-24 12:54:00','2021-11-24 12:54:00'),('Egypt','EG','EGY','20','2021-11-24 12:54:00','2021-11-24 12:54:00'),('Eritrea','ER','ERI','291','2021-11-24 12:54:00','2021-11-24 12:54:00'),('Spain','ES','ESP','34','2021-11-24 12:54:00','2021-11-24 12:54:00'),('Ethiopia','ET','ETH','251','2021-11-24 12:54:00','2021-11-24 12:54:00'),('Finland','FI','FIN','358','2021-11-24 12:54:00','2021-11-24 12:54:00'),('Fiji','FJ','FJI','679','2021-11-24 12:54:00','2021-11-24 12:54:00'),('Falkland Islands (Malvinas)','FK','FLK','500','2021-11-24 12:54:00','2021-11-24 12:54:00'),('Micronesia (Federated States of)','FM','FSM','691','2021-11-24 12:54:00','2021-11-24 12:54:00'),('Faroe Islands','FO','FRO','298','2021-11-24 12:54:00','2021-11-24 12:54:00'),('France','FR','FRA','33','2021-11-24 12:54:00','2021-11-24 12:54:00'),('Gabon','GA','GAB','241','2021-11-24 12:54:00','2021-11-24 12:54:00'),('United Kingdom of Great Britain and Northern Ireland','GB','GBR','44','2021-11-24 12:54:00','2021-11-24 12:54:00'),('Grenada','GD','GRD','1','2021-11-24 12:54:00','2021-11-24 12:54:00'),('Georgia','GE','GEO','995','2021-11-24 12:54:00','2021-11-24 12:54:00'),('French Guiana','GF','GUF','594','2021-11-24 12:54:00','2021-11-24 12:54:00'),('Ghana','GH','GHA','233','2021-11-24 12:54:00','2021-11-24 12:54:00'),('Gibraltar','GI','GIB','350','2021-11-24 12:54:00','2021-11-24 12:54:00'),('Greenland','GL','GRL','299','2021-11-24 12:54:00','2021-11-24 12:54:00'),('Gambia','GM','GMB','220','2021-11-24 12:54:00','2021-11-24 12:54:00'),('Guinea','GN','GIN','224','2021-11-24 12:54:00','2021-11-24 12:54:00'),('Guadeloupe','GP','GLP','590','2021-11-24 12:54:00','2021-11-24 12:54:00'),('Equatorial Guinea','GQ','GNQ','240','2021-11-24 12:54:00','2021-11-24 12:54:00'),('Greece','GR','GRC','30','2021-11-24 12:54:00','2021-11-24 12:54:00'),('Guatemala','GT','GTM','502','2021-11-24 12:54:00','2021-11-24 12:54:00'),('Guam','GU','GUM','1','2021-11-24 12:54:00','2021-11-24 12:54:00'),('Guinea-Bissau','GW','GNB','245','2021-11-24 12:54:00','2021-11-24 12:54:00'),('Guyana','GY','GUY','592','2021-11-24 12:54:00','2021-11-24 12:54:00'),('Hong Kong','HK','HKG','852','2021-11-24 12:54:00','2021-11-24 12:54:00'),('Honduras','HN','HND','504','2021-11-24 12:54:00','2021-11-24 12:54:00'),('Haiti','HT','HTI','509','2021-11-24 12:54:00','2021-11-24 12:54:00'),('Hungary','HU','HUN','36','2021-11-24 12:54:00','2021-11-24 12:54:00'),('Indonesia','ID','IDN','62','2021-11-24 12:54:00','2021-11-24 12:54:00'),('Ireland','IE','IRL','353','2021-11-24 12:54:00','2021-11-24 12:54:00'),('Israel','IL','ISR','972','2021-11-24 12:54:00','2021-11-24 12:54:00'),('India','IN','IND','91','2021-11-24 12:54:00','2021-11-24 12:54:00'),('Iraq','IQ','IRQ','964','2021-11-24 12:54:00','2021-11-24 12:54:00'),('Iran (Islamic Republic of)','IR','IRN','98','2021-11-24 12:54:00','2021-11-24 12:54:00'),('Iceland','IS','ISL','354','2021-11-24 12:54:00','2021-11-24 12:54:00'),('Italy','IT','ITA','39','2021-11-24 12:54:00','2021-11-24 12:54:00'),('Jamaica','JM','JAM','1','2021-11-24 12:54:00','2021-11-24 12:54:00'),('Jordan','JO','JOR','962','2021-11-24 12:54:00','2021-11-24 12:54:00'),('Japan','JP','JPN','81','2021-11-24 12:54:00','2021-11-24 12:54:00'),('Kenya','KE','KEN','254','2021-11-24 12:54:00','2021-11-24 12:54:00'),('Kyrgyzstan','KG','KGZ','996','2021-11-24 12:54:00','2021-11-24 12:54:00'),('Kiribati','KI','KIR','686','2021-11-24 12:54:00','2021-11-24 12:54:00'),('Saint Kitts and Nevis','KN','KNA','1','2021-11-24 12:54:00','2021-11-24 12:54:00'),('Korea (Democratic People\'s Republic of)','KP','PRK','850','2021-11-24 12:54:00','2021-11-24 12:54:00'),('Korea, Republic of','KR','KOR','82','2021-11-24 12:54:00','2021-11-24 12:54:00'),('Kuwait','KW','KWT','965','2021-11-24 12:54:00','2021-11-24 12:54:00'),('Kazakhstan','KZ','KAZ','7','2021-11-24 12:54:00','2021-11-24 12:54:00'),('Lao People\'s Democratic Republic','LA','LAO','856','2021-11-24 12:54:00','2021-11-24 12:54:00'),('Lebanon','LB','LBN','961','2021-11-24 12:54:00','2021-11-24 12:54:00'),('Saint Lucia','LC','LCA','1','2021-11-24 12:54:00','2021-11-24 12:54:00'),('Liechtenstein','LI','LIE','423','2021-11-24 12:54:00','2021-11-24 12:54:00'),('Sri Lanka','LK','LKA','94','2021-11-24 12:54:00','2021-11-24 12:54:00'),('Liberia','LR','LBR','231','2021-11-24 12:54:00','2021-11-24 12:54:00'),('Lesotho','LS','LSO','266','2021-11-24 12:54:00','2021-11-24 12:54:00'),('Lithuania','LT','LTU','370','2021-11-24 12:54:00','2021-11-24 12:54:00'),('Luxembourg','LU','LUX','352','2021-11-24 12:54:00','2021-11-24 12:54:00'),('Latvia','LV','LVA','371','2021-11-24 12:54:00','2021-11-24 12:54:00'),('Libya','LY','LBY','218','2021-11-24 12:54:00','2021-11-24 12:54:00'),('Morocco','MA','MAR','212','2021-11-24 12:54:00','2021-11-24 12:54:00'),('Monaco','MC','MCO','377','2021-11-24 12:54:00','2021-11-24 12:54:00'),('Moldova, Republic of','MD','MDA','373','2021-11-24 12:54:00','2021-11-24 12:54:00'),('Montenegro','ME','MNE','382','2021-11-24 12:54:00','2021-11-24 12:54:00'),('Madagascar','MG','MDG','261','2021-11-24 12:54:00','2021-11-24 12:54:00'),('Marshall Islands','MH','MHL','692','2021-11-24 12:54:00','2021-11-24 12:54:00'),('North Macedonia','MK','MKD','389','2021-11-24 12:54:00','2021-11-24 12:54:00'),('Mali','ML','MLI','223','2021-11-24 12:54:00','2021-11-24 12:54:00'),('Myanmar','MM','MMR','95','2021-11-24 12:54:01','2021-11-24 12:54:01'),('Mongolia','MN','MNG','976','2021-11-24 12:54:01','2021-11-24 12:54:01'),('Macao','MO','MAC','853','2021-11-24 12:54:01','2021-11-24 12:54:01'),('Northern Mariana Islands','MP','MNP','1','2021-11-24 12:54:01','2021-11-24 12:54:01'),('Martinique','MQ','MTQ','596','2021-11-24 12:54:01','2021-11-24 12:54:01'),('Mauritania','MR','MRT','222','2021-11-24 12:54:01','2021-11-24 12:54:01'),('Montserrat','MS','MSR','1','2021-11-24 12:54:01','2021-11-24 12:54:01'),('Malta','MT','MLT','356','2021-11-24 12:54:01','2021-11-24 12:54:01'),('Mauritius','MU','MUS','230','2021-11-24 12:54:01','2021-11-24 12:54:01'),('Maldives','MV','MDV','960','2021-11-24 12:54:01','2021-11-24 12:54:01'),('Malawi','MW','MWI','265','2021-11-24 12:54:01','2021-11-24 12:54:01'),('Mexico','MX','MEX','52','2021-11-24 12:54:01','2021-11-24 12:54:01'),('Malaysia','MY','MYS','60','2021-11-24 12:54:01','2021-11-24 12:54:01'),('Mozambique','MZ','MOZ','258','2021-11-24 12:54:01','2021-11-24 12:54:01'),('Namibia','NA','NAM','264','2021-11-24 12:54:01','2021-11-24 12:54:01'),('New Caledonia','NC','NCL','687','2021-11-24 12:54:01','2021-11-24 12:54:01'),('Niger','NE','NER','227','2021-11-24 12:54:01','2021-11-24 12:54:01'),('Norfolk Island','NF','NFK','672','2021-11-24 12:54:01','2021-11-24 12:54:01'),('Nigeria','NG','NGA','234','2021-11-24 12:54:01','2021-11-24 12:54:01'),('Nicaragua','NI','NIC','505','2021-11-24 12:54:01','2021-11-24 12:54:01'),('Netherlands','NL','NLD','31','2021-11-24 12:54:01','2021-11-24 12:54:01'),('Norway','NO','NOR','47','2021-11-24 12:54:01','2021-11-24 12:54:01'),('Nepal','NP','NPL','977','2021-11-24 12:54:01','2021-11-24 12:54:01'),('Nauru','NR','NRU','674','2021-11-24 12:54:01','2021-11-24 12:54:01'),('Niue','NU','NIU','683','2021-11-24 12:54:01','2021-11-24 12:54:01'),('New Zealand','NZ','NZL','64','2021-11-24 12:54:01','2021-11-24 12:54:01'),('Oman','OM','OMN','968','2021-11-24 12:54:01','2021-11-24 12:54:01'),('Panama','PA','PAN','507','2021-11-24 12:54:01','2021-11-24 12:54:01'),('Peru','PE','PER','51','2021-11-24 12:54:01','2021-11-24 12:54:01'),('French Polynesia','PF','PYF','689','2021-11-24 12:54:01','2021-11-24 12:54:01'),('Papua New Guinea','PG','PNG','675','2021-11-24 12:54:01','2021-11-24 12:54:01'),('Philippines','PH','PHL','63','2021-11-24 12:54:01','2021-11-24 12:54:01'),('Pakistan','PK','PAK','92','2021-11-24 12:54:01','2021-11-24 12:54:01'),('Poland','PL','POL','48','2021-11-24 12:54:01','2021-11-24 12:54:01'),('Saint Pierre and Miquelon','PM','SPM','508','2021-11-24 12:54:01','2021-11-24 12:54:01'),('Pitcairn','PN','PCN','870','2021-11-24 12:54:01','2021-11-24 12:54:01'),('Puerto Rico','PR','PRI','1','2021-11-24 12:54:01','2021-11-24 12:54:01'),('Palestine, State of','PS','PSE','970','2021-11-24 12:54:01','2021-11-24 12:54:01'),('Portugal','PT','PRT','351','2021-11-24 12:54:01','2021-11-24 12:54:01'),('Palau','PW','PLW','680','2021-11-24 12:54:01','2021-11-24 12:54:01'),('Paraguay','PY','PRY','595','2021-11-24 12:54:01','2021-11-24 12:54:01'),('Qatar','QA','QAT','974','2021-11-24 12:54:01','2021-11-24 12:54:01'),('Runion','RE','REU','262','2021-11-24 12:54:01','2021-11-24 12:54:01'),('Serbia','RS','SRB','381','2021-11-24 12:54:01','2021-11-24 12:54:01'),('Russian Federation','RU','RUS','7','2021-11-24 12:54:01','2021-11-24 12:54:01'),('Rwanda','RW','RWA','250','2021-11-24 12:54:01','2021-11-24 12:54:01'),('Saudi Arabia','SA','SAU','966','2021-11-24 12:54:01','2021-11-24 12:54:01'),('Solomon Islands','SB','SLB','677','2021-11-24 12:54:01','2021-11-24 12:54:01'),('Seychelles','SC','SYC','248','2021-11-24 12:54:01','2021-11-24 12:54:01'),('Sudan','SD','SDN','249','2021-11-24 12:54:01','2021-11-24 12:54:01'),('Sweden','SE','SWE','46','2021-11-24 12:54:01','2021-11-24 12:54:01'),('Singapore','SG','SGP','65','2021-11-24 12:54:01','2021-11-24 12:54:01'),('Saint Helena, Ascension and Tristan da Cunha[b]','SH','SHN','290','2021-11-24 12:54:01','2021-11-24 12:54:01'),('Slovenia','SI','SVN','386','2021-11-24 12:54:01','2021-11-24 12:54:01'),('Svalbard and Jan Mayen[c]','SJ','SJM','47','2021-11-24 12:54:01','2021-11-24 12:54:01'),('Slovakia','SK','SVK','421','2021-11-24 12:54:01','2021-11-24 12:54:01'),('Sierra Leone','SL','SLE','232','2021-11-24 12:54:01','2021-11-24 12:54:01'),('San Marino','SM','SMR','378','2021-11-24 12:54:01','2021-11-24 12:54:01'),('Senegal','SN','SEN','221','2021-11-24 12:54:01','2021-11-24 12:54:01'),('Somalia','SO','SOM','252','2021-11-24 12:54:01','2021-11-24 12:54:01'),('Suriname','SR','SUR','597','2021-11-24 12:54:01','2021-11-24 12:54:01'),('Sao Tome and Principe','ST','STP','239','2021-11-24 12:54:01','2021-11-24 12:54:01'),('El Salvador','SV','SLV','503','2021-11-24 12:54:01','2021-11-24 12:54:01'),('Syrian Arab Republic','SY','SYR','963','2021-11-24 12:54:01','2021-11-24 12:54:01'),('Eswatini','SZ','SWZ','268','2021-11-24 12:54:01','2021-11-24 12:54:01'),('Turks and Caicos Islands','TC','TCA','1','2021-11-24 12:54:01','2021-11-24 12:54:01'),('Togo','TG','TGO','228','2021-11-24 12:54:01','2021-11-24 12:54:01'),('Thailand','TH','THA','66','2021-11-24 12:54:01','2021-11-24 12:54:01'),('Tajikistan','TJ','TJK','992','2021-11-24 12:54:01','2021-11-24 12:54:01'),('Tokelau','TK','TKL','690','2021-11-24 12:54:01','2021-11-24 12:54:01'),('Timor-Leste','TL','TLS','670','2021-11-24 12:54:01','2021-11-24 12:54:01'),('Turkmenistan','TM','TKM','993','2021-11-24 12:54:01','2021-11-24 12:54:01'),('Tunisia','TN','TUN','216','2021-11-24 12:54:01','2021-11-24 12:54:01'),('Tonga','TO','TON','676','2021-11-24 12:54:01','2021-11-24 12:54:01'),('Turkey','TR','TUR','90','2021-11-24 12:54:01','2021-11-24 12:54:01'),('Trinidad and Tobago','TT','TTO','1','2021-11-24 12:54:01','2021-11-24 12:54:01'),('Tuvalu','TV','TUV','688','2021-11-24 12:54:01','2021-11-24 12:54:01'),('Taiwan, Province of China','TW','TWN','886','2021-11-24 12:54:01','2021-11-24 12:54:01'),('Tanzania, United Republic of','TZ','TZA','255','2021-11-24 12:54:01','2021-11-24 12:54:01'),('Ukraine','UA','UKR','380','2021-11-24 12:54:01','2021-11-24 12:54:01'),('Uganda','UG','UGA','256','2021-11-24 12:54:01','2021-11-24 12:54:01'),('United States of America','US','USA','1','2021-11-24 12:54:01','2021-11-24 12:54:01'),('Uruguay','UY','URY','598','2021-11-24 12:54:01','2021-11-24 12:54:01'),('Uzbekistan','UZ','UZB','998','2021-11-24 12:54:01','2021-11-24 12:54:01'),('Holy See','VA','VAT','379','2021-11-24 12:54:01','2021-11-24 12:54:01'),('Saint Vincent and the Grenadines','VC','VCT','1','2021-11-24 12:54:01','2021-11-24 12:54:01'),('Venezuela (Bolivarian Republic of)','VE','VEN','58','2021-11-24 12:54:01','2021-11-24 12:54:01'),('Virgin Islands (British)','VG','VGB','1','2021-11-24 12:54:01','2021-11-24 12:54:01'),('Virgin Islands (U.S.)','VI','VIR','1','2021-11-24 12:54:01','2021-11-24 12:54:01'),('Viet Nam','VN','VNM','84','2021-11-24 12:54:01','2021-11-24 12:54:01'),('Vanuatu','VU','VUT','678','2021-11-24 12:54:01','2021-11-24 12:54:01'),('Wallis and Futuna','WF','WLF','681','2021-11-24 12:54:01','2021-11-24 12:54:01'),('Samoa','WS','WSM','685','2021-11-24 12:54:01','2021-11-24 12:54:01'),('Yemen','YE','YEM','967','2021-11-24 12:54:01','2021-11-24 12:54:01'),('Mayotte','YT','MYT','262','2021-11-24 12:54:01','2021-11-24 12:54:01'),('South Africa','ZA','ZAF','27','2021-11-24 12:54:01','2021-11-24 12:54:01'),('Zambia','ZM','ZMB','260','2021-11-24 12:54:01','2021-11-24 12:54:01'),('Zimbabwe','ZW','ZWE','263','2021-11-24 12:54:01','2021-11-24 12:54:01');
/*!40000 ALTER TABLE `country` ENABLE KEYS */;
UNLOCK TABLES;

--
-- Table structure for table `currency`
--

DROP TABLE IF EXISTS `currency`;
/*!40101 SET @saved_cs_client     = @@character_set_client */;
/*!50503 SET character_set_client = utf8mb4 */;
CREATE TABLE `currency` (
  `code` char(4) NOT NULL,
  `name` varchar(255) NOT NULL,
  `symbol` varchar(45) NOT NULL,
  `is_active` tinyint NOT NULL DEFAULT '1',
  `created_at` timestamp NOT NULL DEFAULT CURRENT_TIMESTAMP,
  `updated_at` timestamp NOT NULL DEFAULT CURRENT_TIMESTAMP ON UPDATE CURRENT_TIMESTAMP,
  PRIMARY KEY (`code`),
  UNIQUE KEY `code_UNIQUE` (`code`)
) ENGINE=InnoDB DEFAULT CHARSET=utf8mb3;
/*!40101 SET character_set_client = @saved_cs_client */;

--
-- Dumping data for table `currency`
--

LOCK TABLES `currency` WRITE;
/*!40000 ALTER TABLE `currency` DISABLE KEYS */;
INSERT INTO `currency` VALUES ('AED','UAE Dirham','.',1,'2021-11-25 13:08:57','2021-11-25 13:08:57'),('AFN','Afghani','Af',1,'2021-11-25 13:08:57','2021-11-25 13:08:57'),('ALL','Lek','L',1,'2021-11-25 13:08:57','2021-11-25 13:08:57'),('AMD','Armenian Dram','',1,'2021-11-25 13:08:57','2021-11-25 13:08:57'),('AOA','Kwanza','Kz',1,'2021-11-25 13:08:57','2021-11-25 13:08:57'),('ARS','Argentine Peso','$',1,'2021-11-25 13:08:57','2021-11-25 13:08:57'),('AUD','Australian Dollar','$',1,'2021-11-25 13:08:57','2021-11-25 13:08:57'),('AWG','Aruban Guilder/Florin','',1,'2021-11-25 13:08:57','2021-11-25 13:08:57'),('AZN','Azerbaijanian Manat','',1,'2021-11-25 13:08:57','2021-11-25 13:08:57'),('BAM','Konvertibilna Marka','',1,'2021-11-25 13:08:57','2021-11-25 13:08:57'),('BBD','Barbados Dollar','$',1,'2021-11-25 13:08:57','2021-11-25 13:08:57'),('BDT','Taka','',1,'2021-11-25 13:08:57','2021-11-25 13:08:57'),('BGN','Bulgarian Lev','',1,'2021-11-25 13:08:57','2021-11-25 13:08:57'),('BHD','Bahraini Dinar','.',1,'2021-11-25 13:08:57','2021-11-25 13:08:57'),('BIF','Burundi Franc','',1,'2021-11-25 13:08:57','2021-11-25 13:08:57'),('BMD','Bermudian Dollar','$',1,'2021-11-25 13:08:57','2021-11-25 13:08:57'),('BND','Brunei Dollar','$',1,'2021-11-25 13:08:57','2021-11-25 13:08:57'),('BOB','Boliviano','Bs.',1,'2021-11-25 13:08:57','2021-11-25 13:08:57'),('BRL','Brazilian Real','R$',1,'2021-11-25 13:08:57','2021-11-25 13:08:57'),('BSD','Bahamian Dollar','$',1,'2021-11-25 13:08:57','2021-11-25 13:08:57'),('BTN','Ngultrum','',1,'2021-11-25 13:08:57','2021-11-25 13:08:57'),('BWP','Pula','P',1,'2021-11-25 13:08:57','2021-11-25 13:08:57'),('BYN','Belarusian Ruble','Br',1,'2021-11-25 13:08:57','2021-11-25 13:08:57'),('BZD','Belize Dollar','$',1,'2021-11-25 13:08:57','2021-11-25 13:08:57'),('CAD','Canadian Dollar','$',1,'2021-11-25 13:08:57','2021-11-25 13:08:57'),('CDF','Congolese Franc','',1,'2021-11-25 13:08:57','2021-11-25 13:08:57'),('CHF','Swiss Franc','',1,'2021-11-25 13:08:57','2021-11-25 13:08:57'),('CLP','Chilean Peso','$',1,'2021-11-25 13:08:57','2021-11-25 13:08:57'),('CNY','Yuan','',1,'2021-11-25 13:08:57','2021-11-25 13:08:57'),('COP','Colombian Peso','$',1,'2021-11-25 13:08:57','2021-11-25 13:08:57'),('CRC','Costa Rican Colon','',1,'2021-11-25 13:08:57','2021-11-25 13:08:57'),('CUP','Cuban Peso','$',1,'2021-11-25 13:08:57','2021-11-25 13:08:57'),('CVE','Cape Verde Escudo','$',1,'2021-11-25 13:08:57','2021-11-25 13:08:57'),('CZK','Czech Koruna','K',1,'2021-11-25 13:08:57','2021-11-25 13:08:57'),('DJF','Djibouti Franc','',1,'2021-11-25 13:08:57','2021-11-25 13:08:57'),('DKK','Danish Krone','kr',1,'2021-11-25 13:08:57','2021-11-25 13:08:57'),('DOP','Dominican Peso','$',1,'2021-11-25 13:08:57','2021-11-25 13:08:57'),('DZD','Algerian Dinar','.',1,'2021-11-25 13:08:57','2021-11-25 13:08:57'),('EGP','Egyptian Pound','',1,'2021-11-25 13:08:57','2021-11-25 13:08:57'),('ERN','Nakfa','Nfk',1,'2021-11-25 13:08:57','2021-11-25 13:08:57'),('ETB','Ethiopian Birr','',1,'2021-11-25 13:08:57','2021-11-25 13:08:57'),('EUR','Euro','',1,'2021-11-25 13:08:57','2021-11-25 13:08:57'),('FJD','Fiji Dollar','$',1,'2021-11-25 13:08:57','2021-11-25 13:08:57'),('FKP','Falkland Islands Pound','',1,'2021-11-25 13:08:57','2021-11-25 13:08:57'),('GBP','Pound Sterling','',1,'2021-11-25 13:08:57','2021-11-25 13:08:57'),('GEL','Lari','',1,'2021-11-25 13:08:57','2021-11-25 13:08:57'),('GHS','Cedi','',1,'2021-11-25 13:08:57','2021-11-25 13:08:57'),('GIP','Gibraltar Pound','',1,'2021-11-25 13:08:57','2021-11-25 13:08:57'),('GMD','Dalasi','D',1,'2021-11-25 13:08:57','2021-11-25 13:08:57'),('GNF','Guinea Franc','',1,'2021-11-25 13:08:57','2021-11-25 13:08:57'),('GTQ','Quetzal','Q',1,'2021-11-25 13:08:57','2021-11-25 13:08:57'),('GYD','Guyana Dollar','$',1,'2021-11-25 13:08:57','2021-11-25 13:08:57'),('HKD','Hong Kong Dollar','$',1,'2021-11-25 13:08:57','2021-11-25 13:08:57'),('HNL','Lempira','L',1,'2021-11-25 13:08:57','2021-11-25 13:08:57'),('HRK','Croatian Kuna','Kn',1,'2021-11-25 13:08:57','2021-11-25 13:08:57'),('HTG','Gourde','G',1,'2021-11-25 13:08:57','2021-11-25 13:08:57'),('HUF','Forint','Ft',1,'2021-11-25 13:08:57','2021-11-25 13:08:57'),('IDR','Rupiah','Rp',1,'2021-11-25 13:08:57','2021-11-25 13:08:57'),('ILS','New Israeli Shekel','',1,'2021-11-25 13:08:57','2021-11-25 13:08:57'),('INR','Indian Rupee','',1,'2021-11-25 13:08:57','2021-11-25 13:08:57'),('IQD','Iraqi Dinar','.',1,'2021-11-25 13:08:57','2021-11-25 13:08:57'),('IRR','Iranian Rial','',1,'2021-11-25 13:08:57','2021-11-25 13:08:57'),('ISK','Iceland Krona','Kr',1,'2021-11-25 13:08:57','2021-11-25 13:08:57'),('JMD','Jamaican Dollar','$',1,'2021-11-25 13:08:57','2021-11-25 13:08:57'),('JOD','Jordanian Dinar','.',1,'2021-11-25 13:08:57','2021-11-25 13:08:57'),('JPY','Yen','',1,'2021-11-25 13:08:57','2021-11-25 13:08:57'),('KES','Kenyan Shilling','Sh',1,'2021-11-25 13:08:57','2021-11-25 13:08:57'),('KGS','Som','',1,'2021-11-25 13:08:57','2021-11-25 13:08:57'),('KHR','Riel','',1,'2021-11-25 13:08:57','2021-11-25 13:08:57'),('KPW','North Korean Won','',1,'2021-11-25 13:08:57','2021-11-25 13:08:57'),('KRW','South Korean Won','',1,'2021-11-25 13:08:57','2021-11-25 13:08:57'),('KWD','Kuwaiti Dinar','.',1,'2021-11-25 13:08:57','2021-11-25 13:08:57'),('KYD','Cayman Islands Dollar','$',1,'2021-11-25 13:08:57','2021-11-25 13:08:57'),('KZT','Tenge','',1,'2021-11-25 13:08:57','2021-11-25 13:08:57'),('LAK','Kip','',1,'2021-11-25 13:08:57','2021-11-25 13:08:57'),('LBP','Lebanese Pound','.',1,'2021-11-25 13:08:57','2021-11-25 13:08:57'),('LKR','Sri Lanka Rupee','Rs',1,'2021-11-25 13:08:57','2021-11-25 13:08:57'),('LRD','Liberian Dollar','$',1,'2021-11-25 13:08:57','2021-11-25 13:08:57'),('LSL','Loti','L',1,'2021-11-25 13:08:57','2021-11-25 13:08:57'),('LYD','Libyan Dinar','.',1,'2021-11-25 13:08:57','2021-11-25 13:08:57'),('MAD','Moroccan Dirham','..',1,'2021-11-25 13:08:57','2021-11-25 13:08:57'),('MDL','Moldovan Leu','L',1,'2021-11-25 13:08:57','2021-11-25 13:08:57'),('MGA','Malagasy Ariary','',1,'2021-11-25 13:08:57','2021-11-25 13:08:57'),('MKD','Denar','',1,'2021-11-25 13:08:57','2021-11-25 13:08:57'),('MMK','Kyat','K',1,'2021-11-25 13:08:57','2021-11-25 13:08:57'),('MNT','Tugrik','',1,'2021-11-25 13:08:57','2021-11-25 13:08:57'),('MOP','Pataca','P',1,'2021-11-25 13:08:57','2021-11-25 13:08:57'),('MRU','Ouguiya','UM',1,'2021-11-25 13:08:57','2021-11-25 13:08:57'),('MUR','Mauritius Rupee','',1,'2021-11-25 13:08:57','2021-11-25 13:08:57'),('MVR','Rufiyaa','.',1,'2021-11-25 13:08:57','2021-11-25 13:08:57'),('MWK','Kwacha','MK',1,'2021-11-25 13:08:57','2021-11-25 13:08:57'),('MXN','Mexican Peso','$',1,'2021-11-25 13:08:57','2021-11-25 13:08:57'),('MYR','Malaysian Ringgit','RM',1,'2021-11-25 13:08:57','2021-11-25 13:08:57'),('MZN','Metical','MTn',1,'2021-11-25 13:08:57','2021-11-25 13:08:57'),('NAD','Namibia Dollar','$',1,'2021-11-25 13:08:57','2021-11-25 13:08:57'),('NGN','Naira','',1,'2021-11-25 13:08:57','2021-11-25 13:08:57'),('NIO','Cordoba Oro','C$',1,'2021-11-25 13:08:57','2021-11-25 13:08:57'),('NOK','Norwegian Krone','kr',1,'2021-11-25 13:08:57','2021-11-25 13:08:57'),('NPR','Nepalese Rupee','',1,'2021-11-25 13:08:57','2021-11-25 13:08:57'),('NZD','New Zealand Dollar','$',1,'2021-11-25 13:08:57','2021-11-25 13:08:57'),('OMR','Rial Omani','..',1,'2021-11-25 13:08:57','2021-11-25 13:08:57'),('PAB','Balboa','B/.',1,'2021-11-25 13:08:57','2021-11-25 13:08:57'),('PEN','Nuevo Sol','S/.',1,'2021-11-25 13:08:57','2021-11-25 13:08:57'),('PGK','Kina','K',1,'2021-11-25 13:08:57','2021-11-25 13:08:57'),('PHP','Philippine Peso','',1,'2021-11-25 13:08:57','2021-11-25 13:08:57'),('PKR','Pakistan Rupee','',1,'2021-11-25 13:08:57','2021-11-25 13:08:57'),('PLN','PZloty','z',1,'2021-11-25 13:08:57','2021-11-25 13:08:57'),('PYG','Guarani','',1,'2021-11-25 13:08:57','2021-11-25 13:08:57'),('QAR','Qatari Rial','.',1,'2021-11-25 13:08:57','2021-11-25 13:08:57'),('RON','Leu','L',1,'2021-11-25 13:08:57','2021-11-25 13:08:57'),('RSD','Serbian Dinar','din',1,'2021-11-25 13:08:57','2021-11-25 13:08:57'),('RUB','Russian Ruble','.',1,'2021-11-25 13:08:57','2021-11-25 13:08:57'),('RWF','Rwanda Franc','',1,'2021-11-25 13:08:57','2021-11-25 13:08:57'),('SAR','Saudi Riyal','.',1,'2021-11-25 13:08:58','2021-11-25 13:08:58'),('SBD','Solomon Islands Dollar','$',1,'2021-11-25 13:08:58','2021-11-25 13:08:58'),('SCR','Seychelles Rupee','',1,'2021-11-25 13:08:58','2021-11-25 13:08:58'),('SDG','Sudanese Pound','',1,'2021-11-25 13:08:58','2021-11-25 13:08:58'),('SEK','Swedish Krona','kr',1,'2021-11-25 13:08:58','2021-11-25 13:08:58'),('SGD','Singapore Dollar','$',1,'2021-11-25 13:08:58','2021-11-25 13:08:58'),('SHP','Saint Helena Pound','',1,'2021-11-25 13:08:58','2021-11-25 13:08:58'),('SLL','Leone','Le',1,'2021-11-25 13:08:58','2021-11-25 13:08:58'),('SOS','Somali Shilling','Sh',1,'2021-11-25 13:08:58','2021-11-25 13:08:58'),('SRD','Suriname Dollar','$',1,'2021-11-25 13:08:58','2021-11-25 13:08:58'),('STN','Dobra','Db',1,'2021-11-25 13:08:58','2021-11-25 13:08:58'),('SYP','Syrian Pound','.',1,'2021-11-25 13:08:58','2021-11-25 13:08:58'),('SZL','Lilangeni','L',1,'2021-11-25 13:08:58','2021-11-25 13:08:58'),('THB','Baht','',1,'2021-11-25 13:08:58','2021-11-25 13:08:58'),('TJS','Somoni','',1,'2021-11-25 13:08:58','2021-11-25 13:08:58'),('TMT','Manat','m',1,'2021-11-25 13:08:58','2021-11-25 13:08:58'),('TND','Tunisian Dinar','.',1,'2021-11-25 13:08:58','2021-11-25 13:08:58'),('TOP','Paanga','T$',1,'2021-11-25 13:08:58','2021-11-25 13:08:58'),('TRY','Turkish Lira','',1,'2021-11-25 13:08:58','2021-11-25 13:08:58'),('TTD','Trinidad and Tobago Dollar','$',1,'2021-11-25 13:08:58','2021-11-25 13:08:58'),('TWD','Taiwan Dollar','$',1,'2021-11-25 13:08:58','2021-11-25 13:08:58'),('TZS','Tanzanian Shilling','Sh',1,'2021-11-25 13:08:58','2021-11-25 13:08:58'),('UAH','Hryvnia','',1,'2021-11-25 13:08:58','2021-11-25 13:08:58'),('UGX','Uganda Shilling','Sh',1,'2021-11-25 13:08:58','2021-11-25 13:08:58'),('USD','US Dollar','$',1,'2021-11-25 13:08:58','2021-11-25 13:08:58'),('UYU','Peso Uruguayo','$',1,'2021-11-25 13:08:58','2021-11-25 13:08:58'),('UZS','Uzbekistan Sum','',1,'2021-11-25 13:08:58','2021-11-25 13:08:58'),('VEF','Bolivar Fuerte','Bs F',1,'2021-11-25 13:08:58','2021-11-25 13:08:58'),('VND','Dong','',1,'2021-11-25 13:08:58','2021-11-25 13:08:58'),('VUV','Vatu','Vt',1,'2021-11-25 13:08:58','2021-11-25 13:08:58'),('WST','Tala','T',1,'2021-11-25 13:08:58','2021-11-25 13:08:58'),('XAF','CFA Franc BCEAO','',1,'2021-11-25 13:08:58','2021-11-25 13:08:58'),('XCD','East Caribbean Dollar','$',1,'2021-11-25 13:08:58','2021-11-25 13:08:58'),('XPF','CFP Franc','',1,'2021-11-25 13:08:58','2021-11-25 13:08:58'),('YER','Yemeni Rial','',1,'2021-11-25 13:08:58','2021-11-25 13:08:58'),('ZAR','Rand','R',1,'2021-11-25 13:08:58','2021-11-25 13:08:58'),('ZMW','Zambian Kwacha','ZK',1,'2021-11-25 13:08:58','2021-11-25 13:08:58'),('ZWL','Zimbabwe Dollar','$',1,'2021-11-25 13:08:58','2021-11-25 13:08:58');
/*!40000 ALTER TABLE `currency` ENABLE KEYS */;
UNLOCK TABLES;

--
-- Table structure for table `event`
--

DROP TABLE IF EXISTS `event`;
/*!40101 SET @saved_cs_client     = @@character_set_client */;
/*!50503 SET character_set_client = utf8mb4 */;
CREATE TABLE `event` (
  `id` int unsigned NOT NULL AUTO_INCREMENT,
  `publication_id` int unsigned NOT NULL,
  `uuid` varchar(36) NOT NULL,
  `title` text NOT NULL,
  `date` timestamp NOT NULL,
  `is_active` tinyint NOT NULL DEFAULT '1',
  `created_at` timestamp NOT NULL DEFAULT CURRENT_TIMESTAMP,
  `updated_at` timestamp NOT NULL DEFAULT CURRENT_TIMESTAMP ON UPDATE CURRENT_TIMESTAMP,
  PRIMARY KEY (`id`),
  UNIQUE KEY `uuid_UNIQUE` (`uuid`),
  KEY `fk_event_publication1_idx` (`publication_id`),
  CONSTRAINT `fk_event_publication1` FOREIGN KEY (`publication_id`) REFERENCES `publication` (`id`)
) ENGINE=InnoDB AUTO_INCREMENT=65 DEFAULT CHARSET=utf8mb3;
/*!40101 SET character_set_client = @saved_cs_client */;

--
-- Dumping data for table `event`
--

LOCK TABLES `event` WRITE;
/*!40000 ALTER TABLE `event` DISABLE KEYS */;
INSERT INTO `event` VALUES (1,78,'d703c490-51f9-11ec-9663-9c7bef452e53','string','2021-03-02 22:00:00',1,'2021-11-30 16:23:23','2021-12-05 08:46:14'),(2,59,'153dfdd5-51fa-11ec-9663-9c7bef452e53','string','2020-12-31 22:00:00',1,'2021-11-30 16:25:08','2021-11-30 16:25:08'),(3,60,'79d5ca88-51fa-11ec-9663-9c7bef452e53','string','2020-12-31 22:00:00',1,'2021-11-30 16:27:56','2021-11-30 16:27:56'),(4,61,'d8b74abb-51fa-11ec-9663-9c7bef452e53','string','2020-12-31 22:00:00',1,'2021-11-30 16:30:36','2021-11-30 16:30:36'),(5,62,'1f56c9cd-51fb-11ec-9663-9c7bef452e53','string','2020-12-31 22:00:00',1,'2021-11-30 16:32:34','2021-11-30 16:32:34'),(6,85,'3956cb21-51fb-11ec-9663-9c7bef452e53','string','2020-12-31 22:00:00',1,'2021-11-30 16:33:18','2021-12-05 13:21:10'),(7,64,'528e0028-51fb-11ec-9663-9c7bef452e53','string','2020-12-31 22:00:00',1,'2021-11-30 16:34:00','2021-11-30 16:34:00'),(8,65,'700e0118-51fb-11ec-9663-9c7bef452e53','string','2020-12-31 22:00:00',1,'2021-11-30 16:34:50','2021-11-30 16:34:50'),(9,66,'c94f39f5-51fb-11ec-9663-9c7bef452e53','string','2020-12-31 22:00:00',1,'2021-11-30 16:37:19','2021-11-30 16:37:19'),(10,77,'905e6f82-5369-11ec-9663-9c7bef452e53','Ahla title','1993-05-14 21:00:00',1,'2021-12-02 12:15:40','2021-12-02 12:15:40'),(11,83,'7d2b01d3-55a2-11ec-9663-9c7bef452e53','string','2020-12-31 22:00:00',1,'2021-12-05 08:08:11','2021-12-05 08:08:11'),(12,84,'4c6602cb-55bc-11ec-9663-9c7bef452e53','sdfsdsdf','2021-12-20 22:00:00',1,'2021-12-05 11:12:56','2021-12-05 11:12:56'),(13,85,'9ea34c84-55c7-11ec-9663-9c7bef452e53','string','1999-12-31 22:00:00',1,'2021-12-05 12:33:58','2021-12-05 12:33:58'),(14,86,'4caef083-55d2-11ec-9663-9c7bef452e53','string','1999-12-31 22:00:00',1,'2021-12-05 13:50:25','2021-12-05 13:50:25'),(15,88,'f867d923-568e-11ec-9663-9c7bef452e53','sdfsdfsdf','2021-12-01 22:00:00',1,'2021-12-06 12:20:59','2021-12-06 12:20:59'),(16,95,'18dc9448-5691-11ec-9663-9c7bef452e53','string','2001-12-31 22:00:00',1,'2021-12-06 12:36:12','2021-12-06 12:36:12'),(17,96,'24485298-5691-11ec-9663-9c7bef452e53','string','2001-12-31 22:00:00',1,'2021-12-06 12:36:32','2021-12-06 12:36:32'),(18,97,'a26b6686-5691-11ec-9663-9c7bef452e53','string','2001-12-31 22:00:00',1,'2021-12-06 12:40:03','2021-12-06 12:40:03'),(19,98,'66ed53f8-5693-11ec-9663-9c7bef452e53','dfgdfg','2021-12-08 22:00:00',1,'2021-12-06 12:52:42','2021-12-06 12:52:42'),(20,99,'6bb110cb-56a5-11ec-9663-9c7bef452e53','fgdg','2021-12-08 22:00:00',1,'2021-12-06 15:01:41','2021-12-06 15:01:41'),(21,100,'7e614460-56a8-11ec-9663-9c7bef452e53','gffgfg','2021-11-30 22:00:00',1,'2021-12-06 15:23:41','2021-12-06 15:23:41'),(22,101,'823f34f7-56a8-11ec-9663-9c7bef452e53','gffgfg','2021-11-30 22:00:00',1,'2021-12-06 15:23:48','2021-12-06 15:23:48'),(23,102,'b6f6aa1d-56a8-11ec-9663-9c7bef452e53','gffgfg','2021-11-30 22:00:00',1,'2021-12-06 15:25:16','2021-12-06 15:25:16'),(24,104,'1a680b9d-56ab-11ec-9663-9c7bef452e53','dgfdfgdfg','2021-12-07 22:00:00',1,'2021-12-06 15:42:22','2021-12-06 15:42:22'),(25,106,'7f0a1674-5771-11ec-9663-9c7bef452e53','string','2001-12-31 22:00:00',1,'2021-12-07 15:22:31','2021-12-07 15:22:31'),(26,107,'96357476-5771-11ec-9663-9c7bef452e53','string','2001-12-31 22:00:00',1,'2021-12-07 15:23:10','2021-12-07 15:23:10'),(27,108,'9eca82dc-5771-11ec-9663-9c7bef452e53','string','2001-12-31 22:00:00',1,'2021-12-07 15:23:24','2021-12-07 15:23:24'),(28,109,'833dc4ca-581f-11ec-9663-9c7bef452e53','yuss','2000-07-10 21:00:00',1,'2021-12-08 12:08:11','2021-12-08 12:08:11'),(29,110,'8e3bd040-5821-11ec-9663-9c7bef452e53','yuss','2000-07-10 21:00:00',1,'2021-12-08 12:22:48','2021-12-08 12:22:48'),(30,111,'bb665fc6-5821-11ec-9663-9c7bef452e53','yuss','2000-07-10 21:00:00',1,'2021-12-08 12:24:04','2021-12-08 12:24:04'),(31,112,'e7309100-5827-11ec-9663-9c7bef452e53','yuss','2000-07-10 21:00:00',1,'2021-12-08 13:08:14','2021-12-08 13:08:14'),(32,113,'3022279c-5828-11ec-9663-9c7bef452e53','yuss','2000-07-10 21:00:00',1,'2021-12-08 13:10:17','2021-12-08 13:10:17'),(33,114,'4e6203d4-5828-11ec-9663-9c7bef452e53','yuss','2000-07-10 21:00:00',1,'2021-12-08 13:11:07','2021-12-08 13:11:07'),(34,115,'5ddb1e06-5828-11ec-9663-9c7bef452e53','yuss','2000-07-10 21:00:00',1,'2021-12-08 13:11:33','2021-12-08 13:11:33'),(35,116,'8eb13180-5828-11ec-9663-9c7bef452e53','yuss','2000-07-10 21:00:00',1,'2021-12-08 13:12:55','2021-12-08 13:12:55'),(36,117,'ce4f9569-5828-11ec-9663-9c7bef452e53','yuss','2000-07-10 21:00:00',1,'2021-12-08 13:14:42','2021-12-08 13:14:42'),(37,118,'e498de8b-5828-11ec-9663-9c7bef452e53','yuss','2000-07-10 21:00:00',1,'2021-12-08 13:15:19','2021-12-08 13:15:19'),(38,119,'f49d0e58-5828-11ec-9663-9c7bef452e53','yuss','2000-07-10 21:00:00',1,'2021-12-08 13:15:46','2021-12-08 13:15:46'),(39,120,'d082ec27-582c-11ec-9663-9c7bef452e53','yuss','2000-07-10 21:00:00',1,'2021-12-08 13:43:24','2021-12-08 13:43:24'),(40,121,'40600cb1-5832-11ec-9663-9c7bef452e53','string','2020-12-31 22:00:00',1,'2021-12-08 14:22:19','2021-12-08 14:22:19'),(41,122,'3d12b792-5834-11ec-9663-9c7bef452e53','string','2020-12-31 22:00:00',1,'2021-12-08 14:36:32','2021-12-08 14:36:32'),(42,123,'34728889-583a-11ec-9663-9c7bef452e53','string','2020-12-31 22:00:00',1,'2021-12-08 15:19:15','2021-12-08 15:19:15'),(43,124,'4de5b811-583a-11ec-9663-9c7bef452e53','string','2020-12-31 22:00:00',1,'2021-12-08 15:19:57','2021-12-08 15:19:57'),(44,125,'610fa7d4-583a-11ec-9663-9c7bef452e53','string','2020-12-31 22:00:00',1,'2021-12-08 15:20:30','2021-12-08 15:20:30'),(45,126,'e0f836b4-583b-11ec-9663-9c7bef452e53','string','2020-12-31 22:00:00',1,'2021-12-08 15:31:14','2021-12-08 15:31:14'),(46,127,'f8ff3499-583b-11ec-9663-9c7bef452e53','string','2020-12-31 22:00:00',1,'2021-12-08 15:31:54','2021-12-08 15:31:54'),(47,128,'0f41b312-583c-11ec-9663-9c7bef452e53','string','2020-12-31 22:00:00',1,'2021-12-08 15:32:31','2021-12-08 15:32:31'),(48,129,'1bee2427-583c-11ec-9663-9c7bef452e53','string','2020-12-31 22:00:00',1,'2021-12-08 15:32:53','2021-12-08 15:32:53'),(49,130,'3ddd232d-583c-11ec-9663-9c7bef452e53','string','2020-12-31 22:00:00',1,'2021-12-08 15:33:50','2021-12-08 15:33:50'),(50,131,'7925eda4-583c-11ec-9663-9c7bef452e53','string','2020-12-31 22:00:00',1,'2021-12-08 15:35:29','2021-12-08 15:35:29'),(51,132,'6214cf1e-583d-11ec-9663-9c7bef452e53','string','2020-12-31 22:00:00',1,'2021-12-08 15:42:00','2021-12-08 15:42:00'),(52,133,'0bb1f62e-58ce-11ec-9663-9c7bef452e53','string','1999-12-31 22:00:00',1,'2021-12-09 08:57:32','2021-12-09 08:57:32'),(53,134,'f9457a8a-58ce-11ec-9663-9c7bef452e53','string','1999-12-31 22:00:00',1,'2021-12-09 09:04:11','2021-12-09 09:04:11'),(54,135,'3c9a47c8-58cf-11ec-9663-9c7bef452e53','string','1999-12-31 22:00:00',1,'2021-12-09 09:06:03','2021-12-09 09:06:03'),(55,136,'6a10f5aa-58cf-11ec-9663-9c7bef452e53','string','1999-12-31 22:00:00',1,'2021-12-09 09:07:20','2021-12-09 09:07:20'),(56,137,'f94b5739-58cf-11ec-9663-9c7bef452e53','string','1999-12-31 22:00:00',1,'2021-12-09 09:11:20','2021-12-09 09:11:20'),(57,138,'2828eb3c-58d0-11ec-9663-9c7bef452e53','string','1999-12-31 22:00:00',1,'2021-12-09 09:12:39','2021-12-09 09:12:39'),(58,139,'3969f70f-58d0-11ec-9663-9c7bef452e53','string','1999-12-31 22:00:00',1,'2021-12-09 09:13:08','2021-12-09 09:13:08'),(59,140,'31908254-58d1-11ec-9663-9c7bef452e53','string','1999-12-31 22:00:00',1,'2021-12-09 09:20:04','2021-12-09 09:20:04'),(60,141,'ea5b79a9-58fd-11ec-9663-9c7bef452e53','string','1999-12-31 22:00:00',1,'2021-12-09 14:40:12','2021-12-09 14:40:12'),(61,142,'05ae2eb0-5902-11ec-9663-9c7bef452e53','string','1999-12-31 22:00:00',1,'2021-12-09 15:09:36','2021-12-09 15:09:36'),(62,143,'b473b3da-5904-11ec-9663-9c7bef452e53','string','1999-12-31 22:00:00',1,'2021-12-09 15:28:48','2021-12-09 15:28:48'),(63,144,'a03f8a5a-5908-11ec-9663-9c7bef452e53','string','1999-12-31 22:00:00',1,'2021-12-09 15:56:52','2021-12-09 15:56:52'),(64,145,'2d01595a-5b19-11ec-9663-9c7bef452e53','string','1999-12-31 22:00:00',1,'2021-12-12 07:00:22','2021-12-12 07:00:22');
/*!40000 ALTER TABLE `event` ENABLE KEYS */;
UNLOCK TABLES;

--
-- Table structure for table `invoice`
--

DROP TABLE IF EXISTS `invoice`;
/*!40101 SET @saved_cs_client     = @@character_set_client */;
/*!50503 SET character_set_client = utf8mb4 */;
CREATE TABLE `invoice` (
  `id` int unsigned NOT NULL AUTO_INCREMENT,
  `uuid` char(36) NOT NULL,
  `invoice_date` timestamp NOT NULL,
  `amount` float NOT NULL,
  `status` enum('approved','pending','rejected') NOT NULL,
  `contract_id` int unsigned NOT NULL,
  PRIMARY KEY (`id`),
  UNIQUE KEY `uuid_UNIQUE` (`uuid`),
  KEY `fk_invoice_contract1_idx` (`contract_id`),
  CONSTRAINT `fk_invoice_contract1` FOREIGN KEY (`contract_id`) REFERENCES `contract` (`id`)
) ENGINE=InnoDB AUTO_INCREMENT=6 DEFAULT CHARSET=utf8mb3;
/*!40101 SET character_set_client = @saved_cs_client */;

--
-- Dumping data for table `invoice`
--

LOCK TABLES `invoice` WRITE;
/*!40000 ALTER TABLE `invoice` DISABLE KEYS */;
INSERT INTO `invoice` VALUES (1,'89218b7c-5dbe-11ec-9663-9c7bef452e53','2021-12-12 10:00:00',450,'approved',34),(2,'c524b494-5dbe-11ec-9663-9c7bef452e53','2021-12-12 10:00:00',450,'approved',38),(3,'d524194e-5dbe-11ec-9663-9c7bef452e53','2021-12-12 10:00:00',450,'pending',38),(4,'da3167a0-5dbe-11ec-9663-9c7bef452e53','2021-12-12 10:00:00',450,'rejected',38),(5,'e204cc00-5dbe-11ec-9663-9c7bef452e53','2021-12-12 10:00:00',450,'rejected',38);
/*!40000 ALTER TABLE `invoice` ENABLE KEYS */;
UNLOCK TABLES;

--
-- Table structure for table `level`
--

DROP TABLE IF EXISTS `level`;
/*!40101 SET @saved_cs_client     = @@character_set_client */;
/*!50503 SET character_set_client = utf8mb4 */;
CREATE TABLE `level` (
  `id` int unsigned NOT NULL AUTO_INCREMENT,
  `uuid` varchar(36) NOT NULL,
  `name` varchar(45) NOT NULL,
  `created_at` timestamp NOT NULL DEFAULT CURRENT_TIMESTAMP,
  PRIMARY KEY (`id`),
  UNIQUE KEY `uuid_UNIQUE` (`uuid`)
) ENGINE=InnoDB AUTO_INCREMENT=6 DEFAULT CHARSET=utf8mb3;
/*!40101 SET character_set_client = @saved_cs_client */;

--
-- Dumping data for table `level`
--

LOCK TABLES `level` WRITE;
/*!40000 ALTER TABLE `level` DISABLE KEYS */;
INSERT INTO `level` VALUES (1,'d2581387-4d2b-11ec-8f4c-10e7c6179426','admin','2021-11-24 13:38:34'),(2,'d2582c32-4d2b-11ec-8f4c-10e7c6179426','author','2021-11-24 13:38:34'),(3,'d2583470-4d2b-11ec-8f4c-10e7c6179426','member','2021-11-24 13:38:34'),(4,'1bb12ccc-4d30-11ec-8f4c-10e7c6179426','sales','2021-11-24 14:09:16'),(5,'1bb149e0-4d30-11ec-8f4c-10e7c6179426','compliance','2021-11-24 14:09:16');
/*!40000 ALTER TABLE `level` ENABLE KEYS */;
UNLOCK TABLES;

--
-- Table structure for table `notification`
--

DROP TABLE IF EXISTS `notification`;
/*!40101 SET @saved_cs_client     = @@character_set_client */;
/*!50503 SET character_set_client = utf8mb4 */;
CREATE TABLE `notification` (
  `id` int unsigned NOT NULL AUTO_INCREMENT,
  `publication_id` int DEFAULT NULL,
  `user_id` int NOT NULL,
  `is_sent` tinyint NOT NULL,
  PRIMARY KEY (`id`)
) ENGINE=InnoDB AUTO_INCREMENT=224 DEFAULT CHARSET=utf8mb3;
/*!40101 SET character_set_client = @saved_cs_client */;

--
-- Dumping data for table `notification`
--

LOCK TABLES `notification` WRITE;
/*!40000 ALTER TABLE `notification` DISABLE KEYS */;
INSERT INTO `notification` VALUES (1,141,2,1),(2,141,1,0),(3,141,3,0),(4,141,4,1),(5,141,5,0),(6,141,6,0),(7,141,7,1),(8,141,8,0),(9,141,9,0),(10,141,10,0),(11,141,11,0),(12,141,12,0),(13,141,13,0),(14,141,14,0),(15,141,15,0),(16,141,16,0),(17,141,17,0),(18,141,18,0),(19,141,19,0),(20,141,20,0),(21,141,39,0),(22,141,45,0),(23,141,49,0),(24,141,50,0),(25,141,55,0),(26,141,60,0),(27,141,62,0),(28,141,63,0),(29,141,64,0),(30,141,65,0),(31,141,66,0),(32,141,67,0),(33,141,68,0),(34,141,69,0),(35,141,70,0),(36,141,72,0),(37,142,2,1),(38,142,1,0),(39,142,3,0),(40,142,4,1),(41,142,5,0),(42,142,6,0),(43,142,7,1),(44,142,8,0),(45,142,9,0),(46,142,10,0),(47,142,11,0),(48,142,12,0),(49,142,13,0),(50,142,14,0),(51,142,15,0),(52,142,16,0),(53,142,17,0),(54,142,18,0),(55,142,19,0),(56,142,20,0),(57,142,39,0),(58,142,45,0),(59,142,49,0),(60,142,50,0),(61,142,55,0),(62,142,60,0),(63,142,62,0),(64,142,63,0),(65,142,64,0),(66,142,65,0),(67,142,66,0),(68,142,67,0),(69,142,68,0),(70,142,69,0),(71,142,70,0),(72,142,72,0),(73,144,2,1),(74,144,2,1),(75,144,1,0),(76,144,1,0),(77,144,3,0),(78,144,3,0),(79,144,4,1),(80,144,4,1),(81,144,5,0),(82,144,5,0),(83,144,6,0),(84,144,6,0),(85,144,7,1),(86,144,7,1),(87,144,8,0),(88,144,8,0),(89,144,9,0),(90,144,9,0),(91,144,10,0),(92,144,10,0),(93,144,11,0),(94,144,11,0),(95,144,12,0),(96,144,12,0),(97,144,13,0),(98,144,13,0),(99,144,14,0),(100,144,14,0),(101,144,15,0),(102,144,15,0),(103,144,16,0),(104,144,16,0),(105,144,17,0),(106,144,17,0),(107,144,18,0),(108,144,18,0),(109,144,19,0),(110,144,19,0),(111,144,20,0),(112,144,20,0),(113,144,39,0),(114,144,39,0),(115,144,45,0),(116,144,45,0),(117,144,49,0),(118,144,49,0),(119,144,50,0),(120,144,50,0),(121,144,55,0),(122,144,55,0),(123,144,60,0),(124,144,60,0),(125,144,62,0),(126,144,62,0),(127,144,63,0),(128,144,63,0),(129,144,64,0),(130,144,64,0),(131,144,65,0),(132,144,65,0),(133,144,66,0),(134,144,66,0),(135,144,67,0),(136,144,67,0),(137,144,68,0),(138,144,68,0),(139,144,69,0),(140,144,69,0),(141,144,70,0),(142,144,70,0),(143,144,72,0),(144,144,72,0),(145,145,4,1),(146,145,1,1),(147,145,1,0),(148,145,2,1),(149,145,2,1),(150,145,3,0),(151,145,3,0),(152,145,5,0),(153,145,5,0),(154,145,6,0),(155,145,6,0),(156,145,7,1),(157,145,7,1),(158,145,8,0),(159,145,8,0),(160,145,9,0),(161,145,9,0),(162,145,10,0),(163,145,10,0),(164,145,11,0),(165,145,11,0),(166,145,12,0),(167,145,12,0),(168,145,13,0),(169,145,13,0),(170,145,14,0),(171,145,14,0),(172,145,15,0),(173,145,15,0),(174,145,16,0),(175,145,16,0),(176,145,17,0),(177,145,17,0),(178,145,18,0),(179,145,18,0),(180,145,19,0),(181,145,19,0),(182,145,20,0),(183,145,20,0),(184,145,39,0),(185,145,39,0),(186,145,45,0),(187,145,45,0),(188,145,49,0),(189,145,49,0),(190,145,50,0),(191,145,50,0),(192,145,55,0),(193,145,55,0),(194,145,60,0),(195,145,60,0),(196,145,62,0),(197,145,62,0),(198,145,63,0),(199,145,63,0),(200,145,64,0),(201,145,64,0),(202,145,65,0),(203,145,65,0),(204,145,66,0),(205,145,66,0),(206,145,67,0),(207,145,67,0),(208,145,68,0),(209,145,68,0),(210,145,69,0),(211,145,69,0),(212,145,70,0),(213,145,70,0),(214,145,72,0),(215,145,72,0),(216,145,74,0),(217,145,74,0),(218,145,75,0),(219,145,75,0),(220,145,76,0),(221,145,76,0),(222,145,77,0),(223,145,77,0);
/*!40000 ALTER TABLE `notification` ENABLE KEYS */;
UNLOCK TABLES;

--
-- Table structure for table `prospect`
--

DROP TABLE IF EXISTS `prospect`;
/*!40101 SET @saved_cs_client     = @@character_set_client */;
/*!50503 SET character_set_client = utf8mb4 */;
CREATE TABLE `prospect` (
  `id` int unsigned NOT NULL AUTO_INCREMENT,
  `sales_id` int NOT NULL,
  `start_at` timestamp NOT NULL,
  `end_at` timestamp NOT NULL,
  `status` tinyint NOT NULL,
  PRIMARY KEY (`id`)
) ENGINE=InnoDB AUTO_INCREMENT=16 DEFAULT CHARSET=utf8mb3;
/*!40101 SET character_set_client = @saved_cs_client */;

--
-- Dumping data for table `prospect`
--

LOCK TABLES `prospect` WRITE;
/*!40000 ALTER TABLE `prospect` DISABLE KEYS */;
INSERT INTO `prospect` VALUES (1,1,'2021-12-12 10:00:00','2021-12-22 10:00:00',0),(2,1,'2021-12-12 10:00:00','2021-12-22 10:00:00',0),(3,1,'2021-12-12 10:00:00','2021-12-22 10:00:00',0),(4,1,'2021-12-12 10:00:00','2021-12-22 10:00:00',0),(5,1,'2021-12-12 10:00:00','2021-12-22 10:00:00',0),(6,1,'2021-12-12 10:00:00','2021-12-22 10:00:00',0),(7,1,'2021-12-12 10:00:00','2021-12-22 10:00:00',0),(8,1,'2021-12-12 10:00:00','2021-12-22 10:00:00',0),(9,20,'2021-12-15 10:00:00','2021-12-25 10:00:00',0),(10,1,'2021-12-12 10:00:00','2021-12-22 10:00:00',1),(11,1,'2021-12-12 10:00:00','2021-12-22 10:00:00',1),(12,1,'2021-12-12 10:00:00','2021-12-22 10:00:00',1),(13,20,'2021-12-16 10:00:00','2021-12-25 10:00:00',1),(14,1,'2021-12-12 10:00:00','2021-12-22 10:00:00',1),(15,1,'2021-12-12 10:00:00','2021-12-22 10:00:00',1);
/*!40000 ALTER TABLE `prospect` ENABLE KEYS */;
UNLOCK TABLES;

--
-- Table structure for table `publication`
--

DROP TABLE IF EXISTS `publication`;
/*!40101 SET @saved_cs_client     = @@character_set_client */;
/*!50503 SET character_set_client = utf8mb4 */;
CREATE TABLE `publication` (
  `id` int unsigned NOT NULL AUTO_INCREMENT,
  `user_id` int unsigned NOT NULL,
  `uuid` varchar(36) NOT NULL,
  `title` varchar(255) NOT NULL,
  `description` text NOT NULL,
  `content` json NOT NULL,
  `is_active` tinyint NOT NULL DEFAULT '1',
  `views` int NOT NULL DEFAULT '0',
  `likes` int NOT NULL DEFAULT '0',
  `dislikes` int NOT NULL DEFAULT '0',
  `comments` int NOT NULL DEFAULT '0',
  `shares` int NOT NULL DEFAULT '0',
  `created_at` timestamp NOT NULL DEFAULT CURRENT_TIMESTAMP,
  `updated_at` timestamp NOT NULL DEFAULT CURRENT_TIMESTAMP ON UPDATE CURRENT_TIMESTAMP,
  PRIMARY KEY (`id`),
  UNIQUE KEY `uuid_UNIQUE` (`uuid`),
  KEY `fk_publication_user1_idx` (`user_id`),
  CONSTRAINT `fk_publication_user1` FOREIGN KEY (`user_id`) REFERENCES `user` (`id`)
) ENGINE=InnoDB AUTO_INCREMENT=149 DEFAULT CHARSET=utf8mb3;
/*!40101 SET character_set_client = @saved_cs_client */;

--
-- Dumping data for table `publication`
--

LOCK TABLES `publication` WRITE;
/*!40000 ALTER TABLE `publication` DISABLE KEYS */;
INSERT INTO `publication` VALUES (1,1,'d83b6567-51ee-11ec-9663-9c7bef452e53','string','string','{}',1,0,0,0,0,0,'2021-11-30 15:04:41','2021-11-30 15:04:41'),(2,1,'ffd92016-51ee-11ec-9663-9c7bef452e53','string','string','{}',1,0,0,0,0,0,'2021-11-30 15:05:47','2021-11-30 15:05:47'),(3,1,'0b3d3627-51ef-11ec-9663-9c7bef452e53','string','string','{}',1,0,0,0,0,0,'2021-11-30 15:06:06','2021-11-30 15:06:06'),(4,1,'1a109f06-51ef-11ec-9663-9c7bef452e53','string','string','{}',1,0,0,0,0,0,'2021-11-30 15:06:31','2021-11-30 15:06:31'),(5,1,'37c86b36-51ef-11ec-9663-9c7bef452e53','string','string','{}',1,0,0,0,0,0,'2021-11-30 15:07:21','2021-11-30 15:07:21'),(6,1,'48048f89-51ef-11ec-9663-9c7bef452e53','string','string','{}',1,0,0,0,0,0,'2021-11-30 15:07:48','2021-11-30 15:07:48'),(7,1,'7219b4a4-51ef-11ec-9663-9c7bef452e53','string','string','{}',1,0,0,0,0,0,'2021-11-30 15:08:59','2021-11-30 15:08:59'),(8,1,'7f4910fe-51ef-11ec-9663-9c7bef452e53','string','string','{}',1,0,0,0,0,0,'2021-11-30 15:09:21','2021-11-30 15:09:21'),(9,1,'cf229e32-51ef-11ec-9663-9c7bef452e53','string','string','{}',1,0,0,0,0,0,'2021-11-30 15:11:35','2021-11-30 15:11:35'),(10,1,'d023e0fe-51ef-11ec-9663-9c7bef452e53','string','string','{}',1,0,0,0,0,0,'2021-11-30 15:11:37','2021-11-30 15:11:37'),(11,1,'0d6765a1-51f0-11ec-9663-9c7bef452e53','string','string','{}',1,0,0,0,0,0,'2021-11-30 15:13:20','2021-11-30 15:13:20'),(12,1,'2189db66-51f0-11ec-9663-9c7bef452e53','string','string','{}',1,0,0,0,0,0,'2021-11-30 15:13:53','2021-11-30 15:13:53'),(13,1,'6a51db24-51f0-11ec-9663-9c7bef452e53','string','string','{}',1,0,0,0,0,0,'2021-11-30 15:15:55','2021-11-30 15:15:55'),(14,1,'71634c64-51f0-11ec-9663-9c7bef452e53','string','string','{}',1,0,0,0,0,0,'2021-11-30 15:16:07','2021-11-30 15:16:07'),(15,1,'ce7fb80a-51f0-11ec-9663-9c7bef452e53','string','string','{}',1,0,0,0,0,0,'2021-11-30 15:18:44','2021-11-30 15:18:44'),(16,1,'fee77be1-51f0-11ec-9663-9c7bef452e53','string','string','{}',1,0,0,0,0,0,'2021-11-30 15:20:05','2021-11-30 15:20:05'),(17,1,'99f5e8c3-51f1-11ec-9663-9c7bef452e53','string','string','{}',1,0,0,0,0,0,'2021-11-30 15:24:25','2021-11-30 15:24:25'),(18,1,'a1a162e4-51f1-11ec-9663-9c7bef452e53','string','string','{}',1,0,0,0,0,0,'2021-11-30 15:24:38','2021-11-30 15:24:38'),(19,1,'adaaa4b1-51f1-11ec-9663-9c7bef452e53','string','string','{}',1,0,0,0,0,0,'2021-11-30 15:24:58','2021-11-30 15:24:58'),(20,15,'68cfc93c-51f3-11ec-9663-9c7bef452e53','dfssddssfd','','{\"blocks\": [{\"key\": \"austh\", \"data\": {}, \"text\": \"Contrary to popular belief, Lorem Ipsum is not simply random text. It has roots in a piece of classical Latin literature from 45 BC, making it over 2000 years old. Richard McClintock, a Latin professor at Hampden-Sydney College in Virginia, looked up one of the more obscure Latin words, consectetur, from a Lorem Ipsum passage, and going through the cites of the word in classical literature, discovered the undoubtable source. Lorem Ipsum comes from sections 1.10.32 and 1.10.33 of \\\"de Finibus Bonorum et Malorum\\\" (The Extremes of Good and Evil) by Cicero, written in 45 BC. This book is a treatise on the theory of ethics, very popular during the Renaissance. The first line of Lorem Ipsum, \\\"Lorem ipsum dolor sit amet..\\\", comes from a line in section 1.10.32.\", \"type\": \"unstyled\", \"depth\": 0, \"entityRanges\": [], \"inlineStyleRanges\": []}, {\"key\": \"7vevi\", \"data\": {}, \"text\": \"The standard chunk of Lorem Ipsum used since the 1500s is reproduced below for those interested. Sections 1.10.32 and 1.10.33 from \\\"de Finibus Bonorum et Malorum\\\" by Cicero are also reproduced in their exact original form, accompanied by English versions from the 1914 translation by H. Rackham.\", \"type\": \"unstyled\", \"depth\": 0, \"entityRanges\": [], \"inlineStyleRanges\": []}], \"entityMap\": {}}',1,0,0,0,0,0,'2021-11-30 15:37:21','2021-11-30 15:37:21'),(21,15,'84dc1eb7-51f3-11ec-9663-9c7bef452e53','string','string','{}',1,0,0,0,0,0,'2021-11-30 15:38:08','2021-11-30 15:38:08'),(22,15,'9299a294-51f3-11ec-9663-9c7bef452e53','string','string','{}',1,0,0,0,0,0,'2021-11-30 15:38:32','2021-11-30 15:38:32'),(23,1,'b889053c-51f3-11ec-9663-9c7bef452e53','string','string','{}',1,0,0,0,0,0,'2021-11-30 15:39:35','2021-11-30 15:39:35'),(24,1,'cdbb068a-51f3-11ec-9663-9c7bef452e53','string','string','{}',1,0,0,0,0,0,'2021-11-30 15:40:11','2021-11-30 15:40:11'),(25,1,'eaef30b0-51f3-11ec-9663-9c7bef452e53','string','string','{}',1,0,0,0,0,0,'2021-11-30 15:41:00','2021-11-30 15:41:00'),(26,1,'0d586d11-51f4-11ec-9663-9c7bef452e53','string','string','{}',1,0,0,0,0,0,'2021-11-30 15:41:57','2021-11-30 15:41:57'),(27,1,'150d7ff6-51f4-11ec-9663-9c7bef452e53','string','string','{}',1,0,0,0,0,0,'2021-11-30 15:42:10','2021-11-30 15:42:10'),(28,1,'2e249587-51f4-11ec-9663-9c7bef452e53','string','string','{}',1,0,0,0,0,0,'2021-11-30 15:42:52','2021-11-30 15:42:52'),(29,1,'61798890-51f4-11ec-9663-9c7bef452e53','string','string','{}',1,0,0,0,0,0,'2021-11-30 15:44:19','2021-11-30 15:44:19'),(30,1,'6b00d6fd-51f4-11ec-9663-9c7bef452e53','string','string','{}',1,0,0,0,0,0,'2021-11-30 15:44:35','2021-11-30 15:44:35'),(31,1,'b1809071-51f4-11ec-9663-9c7bef452e53','string','string','{}',1,0,0,0,0,0,'2021-11-30 15:46:33','2021-11-30 15:46:33'),(32,1,'d5564982-51f4-11ec-9663-9c7bef452e53','string','string','{}',1,0,0,0,0,0,'2021-11-30 15:47:33','2021-11-30 15:47:33'),(33,1,'640c741a-51f5-11ec-9663-9c7bef452e53','string','string','{}',1,0,0,0,0,0,'2021-11-30 15:51:32','2021-11-30 15:51:32'),(34,1,'8dc06fe8-51f5-11ec-9663-9c7bef452e53','string','string','{}',1,0,0,0,0,0,'2021-11-30 15:52:42','2021-11-30 15:52:42'),(35,1,'9c00c6d6-51f5-11ec-9663-9c7bef452e53','string','string','{}',1,0,0,0,0,0,'2021-11-30 15:53:06','2021-11-30 15:53:06'),(36,1,'a6617033-51f5-11ec-9663-9c7bef452e53','string','string','{}',1,0,0,0,0,0,'2021-11-30 15:53:24','2021-11-30 15:53:24'),(37,1,'b2f77d3e-51f5-11ec-9663-9c7bef452e53','string','string','{}',1,0,0,0,0,0,'2021-11-30 15:53:45','2021-11-30 15:53:45'),(38,1,'bdce07f4-51f5-11ec-9663-9c7bef452e53','string','string','{}',1,0,0,0,0,0,'2021-11-30 15:54:03','2021-11-30 15:54:03'),(39,1,'dd37c72c-51f5-11ec-9663-9c7bef452e53','string','string','{}',1,0,0,0,0,0,'2021-11-30 15:54:56','2021-11-30 15:54:56'),(40,1,'ea9914cf-51f5-11ec-9663-9c7bef452e53','string','string','{}',1,0,0,0,0,0,'2021-11-30 15:55:18','2021-11-30 15:55:18'),(41,1,'f16a3eb3-51f5-11ec-9663-9c7bef452e53','string','string','{}',1,0,0,0,0,0,'2021-11-30 15:55:30','2021-11-30 15:55:30'),(42,1,'f7d98d4f-51f5-11ec-9663-9c7bef452e53','string','string','{}',1,0,0,0,0,0,'2021-11-30 15:55:40','2021-11-30 15:55:40'),(43,15,'088d6e6c-51f6-11ec-9663-9c7bef452e53','dssfsdf','dssfsdf','{\"blocks\": [{\"key\": \"9ob1a\", \"data\": {}, \"text\": \"Contrary to popular belief, Lorem Ipsum is not simply random text. It has roots in a piece of classical Latin literature from 45 BC, making it over 2000 years old. Richard McClintock, a Latin professor at Hampden-Sydney College in Virginia, looked up one of the more obscure Latin words, consectetur, from a Lorem Ipsum passage, and going through the cites of the word in classical literature, discovered the undoubtable source. Lorem Ipsum comes from sections 1.10.32 and 1.10.33 of \\\"de Finibus Bonorum et Malorum\\\" (The Extremes of Good and Evil) by Cicero, written in 45 BC. This book is a treatise on the theory of ethics, very popular during the Renaissance. The first line of Lorem Ipsum, \\\"Lorem ipsum dolor sit amet..\\\", comes from a line in section 1.10.32.\", \"type\": \"unstyled\", \"depth\": 0, \"entityRanges\": [], \"inlineStyleRanges\": []}, {\"key\": \"4ahd9\", \"data\": {}, \"text\": \"The standard chunk of Lorem Ipsum used since the 1500s is reproduced below for those interested. Sections 1.10.32 and 1.10.33 from \\\"de Finibus Bonorum et Malorum\\\" by Cicero are also reproduced in their exact original form, accompanied by English versions from the 1914 translation by H. Rackham.\", \"type\": \"unstyled\", \"depth\": 0, \"entityRanges\": [], \"inlineStyleRanges\": []}], \"entityMap\": {}}',1,0,0,0,0,0,'2021-11-30 15:56:08','2021-11-30 15:56:08'),(44,1,'1eb1fabe-51f6-11ec-9663-9c7bef452e53','string','string','{}',1,0,0,0,0,0,'2021-11-30 15:56:46','2021-11-30 15:56:46'),(45,15,'2d9d3c9b-51f6-11ec-9663-9c7bef452e53','dssfsdf','dssfsdf','{\"blocks\": [{\"key\": \"9ob1a\", \"data\": {}, \"text\": \"Contrary to popular belief, Lorem Ipsum is not simply random text. It has roots in a piece of classical Latin literature from 45 BC, making it over 2000 years old. Richard McClintock, a Latin professor at Hampden-Sydney College in Virginia, looked up one of the more obscure Latin words, consectetur, from a Lorem Ipsum passage, and going through the cites of the word in classical literature, discovered the undoubtable source. Lorem Ipsum comes from sections 1.10.32 and 1.10.33 of \\\"de Finibus Bonorum et Malorum\\\" (The Extremes of Good and Evil) by Cicero, written in 45 BC. This book is a treatise on the theory of ethics, very popular during the Renaissance. The first line of Lorem Ipsum, \\\"Lorem ipsum dolor sit amet..\\\", comes from a line in section 1.10.32.\", \"type\": \"unstyled\", \"depth\": 0, \"entityRanges\": [], \"inlineStyleRanges\": []}, {\"key\": \"4ahd9\", \"data\": {}, \"text\": \"The standard chunk of Lorem Ipsum used since the 1500s is reproduced below for those interested. Sections 1.10.32 and 1.10.33 from \\\"de Finibus Bonorum et Malorum\\\" by Cicero are also reproduced in their exact original form, accompanied by English versions from the 1914 translation by H. Rackham.\", \"type\": \"unstyled\", \"depth\": 0, \"entityRanges\": [], \"inlineStyleRanges\": []}], \"entityMap\": {}}',1,0,0,0,0,0,'2021-11-30 15:57:11','2021-11-30 15:57:11'),(46,1,'37f8cc57-51f6-11ec-9663-9c7bef452e53','string','string','{}',1,0,0,0,0,0,'2021-11-30 15:57:28','2021-11-30 15:57:28'),(47,15,'47faa8bd-51f6-11ec-9663-9c7bef452e53','rtetertertter','rtetertertter','{\"blocks\": [{\"key\": \"7juti\", \"data\": {}, \"text\": \"Contrary to popular belief, Lorem Ipsum is not simply random text. It has roots in a piece of classical Latin literature from 45 BC, making it over 2000 years old. Richard McClintock, a Latin professor at Hampden-Sydney College in Virginia, looked up one of the more obscure Latin words, consectetur, from a Lorem Ipsum passage, and going through the cites of the word in classical literature, discovered the undoubtable source. Lorem Ipsum comes from sections 1.10.32 and 1.10.33 of \\\"de Finibus Bonorum et Malorum\\\" (The Extremes of Good and Evil) by Cicero, written in 45 BC. This book is a treatise on the theory of ethics, very popular during the Renaissance. The first line of Lorem Ipsum, \\\"Lorem ipsum dolor sit amet..\\\", comes from a line in section 1.10.32.\", \"type\": \"unstyled\", \"depth\": 0, \"entityRanges\": [], \"inlineStyleRanges\": []}, {\"key\": \"74f0m\", \"data\": {}, \"text\": \"The standard chunk of Lorem Ipsum used since the 1500s is reproduced below for those interested. Sections 1.10.32 and 1.10.33 from \\\"de Finibus Bonorum et Malorum\\\" by Cicero are also reproduced in their exact original form, accompanied by English versions from the 1914 translation by H. Rackham.Contrary to popular belief, Lorem Ipsum is not simply random text. It has roots in a piece of classical Latin literature from 45 BC, making it over 2000 years old. Richard McClintock, a Latin professor at Hampden-Sydney College in Virginia, looked up one of the more obscure Latin words, consectetur, from a Lorem Ipsum passage, and going through the cites of the word in classical literature, discovered the undoubtable source. Lorem Ipsum comes from sections 1.10.32 and 1.10.33 of \\\"de Finibus Bonorum et Malorum\\\" (The Extremes of Good and Evil) by Cicero, written in 45 BC. This book is a treatise on the theory of ethics, very popular during the Renaissance. The first line of Lorem Ipsum, \\\"Lorem ipsum dolor sit amet..\\\", comes from a line in section 1.10.32.\", \"type\": \"unstyled\", \"depth\": 0, \"entityRanges\": [], \"inlineStyleRanges\": []}, {\"key\": \"frtmp\", \"data\": {}, \"text\": \"The standard chunk of Lorem Ipsum used since the 1500s is reproduced below for those interested. Sections 1.10.32 and 1.10.33 from \\\"de Finibus Bonorum et Malorum\\\" by Cicero are also reproduced in their exact original form, accompanied by English versions from the 1914 translation by H. Rackham.\", \"type\": \"unstyled\", \"depth\": 0, \"entityRanges\": [], \"inlineStyleRanges\": []}], \"entityMap\": {}}',1,0,0,0,0,0,'2021-11-30 15:57:55','2021-11-30 15:57:55'),(48,1,'4ccef512-51f6-11ec-9663-9c7bef452e53','string','string','{}',1,0,0,0,0,0,'2021-11-30 15:58:03','2021-11-30 15:58:03'),(49,1,'76e74622-51f6-11ec-9663-9c7bef452e53','string','string','{}',1,0,0,0,0,0,'2021-11-30 15:59:14','2021-11-30 15:59:14'),(50,1,'aa0c3ac1-51f6-11ec-9663-9c7bef452e53','string','string','{}',1,0,0,0,0,0,'2021-11-30 16:00:39','2021-11-30 16:00:39'),(51,1,'c87303a9-51f8-11ec-9663-9c7bef452e53','string','string','{}',1,0,0,0,0,0,'2021-11-30 16:15:49','2021-11-30 16:15:49'),(52,1,'d7f63b16-51f8-11ec-9663-9c7bef452e53','string','string','{}',1,0,0,0,0,0,'2021-11-30 16:16:15','2021-11-30 16:16:15'),(53,1,'ea819b63-51f8-11ec-9663-9c7bef452e53','string','string','{}',1,0,0,0,0,0,'2021-11-30 16:16:46','2021-11-30 16:16:46'),(54,1,'0090ebea-51f9-11ec-9663-9c7bef452e53','string','string','{}',1,0,0,0,0,0,'2021-11-30 16:17:23','2021-11-30 16:17:23'),(55,1,'316fe1e2-51f9-11ec-9663-9c7bef452e53','string','string','{}',1,0,0,0,0,0,'2021-11-30 16:18:45','2021-11-30 16:18:45'),(56,1,'403e09c4-51f9-11ec-9663-9c7bef452e53','string','string','{}',1,0,0,0,0,0,'2021-11-30 16:19:10','2021-11-30 16:19:10'),(57,1,'5d67fc1d-51f9-11ec-9663-9c7bef452e53','string','string','{}',1,0,0,0,0,0,'2021-11-30 16:19:59','2021-11-30 16:19:59'),(58,1,'d700fef0-51f9-11ec-9663-9c7bef452e53','string','string','{}',1,0,0,0,0,0,'2021-11-30 16:23:23','2021-11-30 16:23:23'),(59,1,'153c6513-51fa-11ec-9663-9c7bef452e53','string','string','{}',1,0,0,0,0,0,'2021-11-30 16:25:08','2021-11-30 16:25:08'),(60,1,'79d2df49-51fa-11ec-9663-9c7bef452e53','string','string','{}',1,0,0,0,0,0,'2021-11-30 16:27:56','2021-11-30 16:27:56'),(61,1,'d8b57885-51fa-11ec-9663-9c7bef452e53','string','string','{}',1,0,0,0,0,0,'2021-11-30 16:30:36','2021-11-30 16:30:36'),(62,1,'1f5439ed-51fb-11ec-9663-9c7bef452e53','string','string','{}',1,0,0,0,0,0,'2021-11-30 16:32:34','2021-11-30 16:32:34'),(63,1,'3953ecdd-51fb-11ec-9663-9c7bef452e53','string','string','{}',1,0,0,0,0,0,'2021-11-30 16:33:18','2021-11-30 16:33:18'),(64,1,'528c06de-51fb-11ec-9663-9c7bef452e53','string','string','{}',1,0,0,0,0,0,'2021-11-30 16:34:00','2021-11-30 16:34:00'),(65,1,'700b521e-51fb-11ec-9663-9c7bef452e53','string','string','{}',1,0,0,0,0,0,'2021-11-30 16:34:50','2021-11-30 16:34:50'),(66,1,'c94c7aa2-51fb-11ec-9663-9c7bef452e53','string','string','{}',1,0,0,0,0,0,'2021-11-30 16:37:19','2021-11-30 16:37:19'),(67,1,'18bdadc0-51ff-11ec-9663-9c7bef452e53','string','string','{}',1,0,0,0,0,0,'2021-11-30 17:01:01','2021-11-30 17:01:01'),(68,1,'681c3285-51ff-11ec-9663-9c7bef452e53','string','string','{}',1,0,0,0,0,0,'2021-11-30 17:03:14','2021-11-30 17:03:14'),(69,1,'3c81f10a-5200-11ec-9663-9c7bef452e53','string','string','{}',1,0,0,0,0,0,'2021-11-30 17:09:11','2021-11-30 17:09:11'),(70,1,'e1da2aed-5200-11ec-9663-9c7bef452e53','string','string','{}',1,0,0,0,0,0,'2021-11-30 17:13:48','2021-11-30 17:13:48'),(71,1,'eac25e48-5200-11ec-9663-9c7bef452e53','string','string','{}',1,0,0,0,0,0,'2021-11-30 17:14:03','2021-11-30 17:14:03'),(72,1,'11d60151-5201-11ec-9663-9c7bef452e53','string','string','{}',1,0,0,0,0,0,'2021-11-30 17:15:08','2021-11-30 17:15:08'),(73,1,'6da29a61-5202-11ec-9663-9c7bef452e53','string','string','{}',1,0,0,0,0,0,'2021-11-30 17:24:52','2021-11-30 17:24:52'),(74,15,'bb78dfdc-528e-11ec-9663-9c7bef452e53','fdggdgdgf','fdggdgdgf','{\"blocks\": [{\"key\": \"f59t3\", \"data\": {}, \"text\": \"Contrary to popular belief, Lorem Ipsum is not simply random text. It has roots in a piece of classical Latin literature from 45 BC, making it over 2000 years old. Richard McClintock, a Latin professor at Hampden-Sydney College in Virginia, looked up one of the more obscure Latin words, consectetur, from a Lorem Ipsum passage, and going through the cites of the word in classical literature, discovered the undoubtable source. Lorem Ipsum comes from sections 1.10.32 and 1.10.33 of \\\"de Finibus Bonorum et Malorum\\\" (The Extremes of Good and Evil) by Cicero, written in 45 BC. This book is a treatise on the theory of ethics, very popular during the Renaissance. The first line of Lorem Ipsum, \\\"Lorem ipsum dolor sit amet..\\\", comes from a line in section 1.10.32.\", \"type\": \"unstyled\", \"depth\": 0, \"entityRanges\": [], \"inlineStyleRanges\": [{\"style\": \"STRIKETHROUGH\", \"length\": 277, \"offset\": 220}, {\"style\": \"ITALIC\", \"length\": 22, \"offset\": 622}]}, {\"key\": \"77fm2\", \"data\": {}, \"text\": \"The standard chunk of Lorem Ipsum used since the 1500s is reproduced below for those interested. Sections 1.10.32 and 1.10.33 from \\\"de Finibus Bonorum et Malorum\\\" by Cicero are also reproduced in their exact original form, accompanied by English versions from the 1914 translation by H. Rackham.\", \"type\": \"unstyled\", \"depth\": 0, \"entityRanges\": [], \"inlineStyleRanges\": [{\"style\": \"BOLD\", \"length\": 252, \"offset\": 12}]}], \"entityMap\": {}}',1,0,0,0,0,0,'2021-12-01 10:09:12','2021-12-01 10:09:12'),(75,1,'f3f1e365-5363-11ec-9663-9c7bef452e53','string','string','{}',1,0,0,0,0,0,'2021-12-02 11:35:30','2021-12-02 11:35:30'),(76,1,'53e99121-5369-11ec-9663-9c7bef452e53','test kosta','desc test kosta','{}',1,0,0,0,0,0,'2021-12-02 12:13:58','2021-12-02 12:13:58'),(77,1,'905b080c-5369-11ec-9663-9c7bef452e53','test kosta','desc test kosta','{}',1,0,0,0,0,0,'2021-12-02 12:15:40','2021-12-02 12:15:40'),(78,20,'0d7f7a43-538a-11ec-9663-9c7bef452e53','hi there','description of publication','\"trying to update\"',1,0,0,0,0,0,'2021-12-02 16:08:13','2021-12-05 08:17:18'),(79,1,'b88c7762-55a1-11ec-9663-9c7bef452e53','string','string','{}',1,0,0,0,0,0,'2021-12-05 08:02:41','2021-12-05 08:02:41'),(80,1,'cd73346c-55a1-11ec-9663-9c7bef452e53','string','string','{}',1,0,0,0,0,0,'2021-12-05 08:03:16','2021-12-05 08:03:16'),(81,1,'d9d835e9-55a1-11ec-9663-9c7bef452e53','string','string','{}',1,0,0,0,0,0,'2021-12-05 08:03:37','2021-12-05 08:03:37'),(82,1,'29a1e2eb-55a2-11ec-9663-9c7bef452e53','string','string','{}',0,0,0,0,0,0,'2021-12-05 08:05:51','2021-12-05 08:10:48'),(83,1,'7d27e8f9-55a2-11ec-9663-9c7bef452e53','string','string','{}',0,0,0,0,0,0,'2021-12-05 08:08:11','2021-12-05 08:10:00'),(84,15,'4c621023-55bc-11ec-9663-9c7bef452e53','sfsdfdfsdf','sfsdfdfsdf','{\"blocks\": [{\"key\": \"b55nh\", \"data\": {}, \"text\": \"Lorem Ipsum is simply dummy text of the printing and typesetting industry. Lorem Ipsum has been the industry\'s standard dummy text ever since the 1500s, when an unknown printer took a galley of type and scrambled it to make a type specimen book. It has survived not only five centuries, but also the leap into electronic typesetting, remaining essentially unchanged. It was popularised in the 1960s with the release of Letraset sheets containing Lorem Ipsum passages, and more recently with desktop publishing software like Aldus PageMaker including versions of Lorem Ipsum.Lorem Ipsum is simply dummy text of the printing and typesetting industry. Lorem Ipsum has been the industry\'s standard dummy text ever since the 1500s, when an unknown printer took a galley of type and scrambled it to make a type specimen book. It has survived not only five centuries, but also the leap into electronic typesetting, remaining essentially unchanged. It was popularised in the 1960s with the release of Letraset sheets containing Lorem Ipsum passages, and more recently with desktop publishing software like Aldus PageMaker including versions of Lorem Ipsum.\", \"type\": \"unstyled\", \"depth\": 0, \"entityRanges\": [], \"inlineStyleRanges\": [{\"style\": \"BOLD\", \"length\": 11, \"offset\": 0}, {\"style\": \"BOLD\", \"length\": 11, \"offset\": 574}, {\"style\": \"HIGHLIGHT\", \"length\": 29, \"offset\": 209}, {\"style\": \"ITALIC\", \"length\": 127, \"offset\": 929}]}], \"entityMap\": {}}',1,0,0,0,0,0,'2021-12-05 11:12:56','2021-12-05 11:12:56'),(85,1,'9ea142c6-55c7-11ec-9663-9c7bef452e53','title of publication','description of publication','\"content of publication\"',1,0,0,0,0,0,'2021-12-05 12:33:58','2021-12-05 12:54:34'),(86,1,'4cacddfe-55d2-11ec-9663-9c7bef452e53','hi','world','{}',1,0,0,0,0,0,'2021-12-05 13:50:25','2021-12-05 13:50:25'),(87,1,'622ae40a-568e-11ec-9663-9c7bef452e53','string','string','{}',1,0,0,0,0,0,'2021-12-06 12:16:47','2021-12-06 12:16:47'),(88,15,'f865f1ae-568e-11ec-9663-9c7bef452e53','dfsfsdfsdf','dfsfsdfsdf','{\"blocks\": [{\"key\": \"2mrf4\", \"data\": {}, \"text\": \"Lorem Ipsum is simply dummy text of the printing and typesetting industry. Lorem Ipsum has been the industry\'s standard dummy text ever since the 1500s, when an unknown printer took a galley of type and scrambled it to make a type specimen book. It has survived not only five centuries, but also the leap into electronic typesetting, remaining essentially unchanged. It was popularised in the 1960s with the release of Letraset sheets containing Lorem Ipsum passages, and more recently with desktop publishing software like Aldus PageMaker including versions of Lorem Ipsum.\", \"type\": \"unstyled\", \"depth\": 0, \"entityRanges\": [], \"inlineStyleRanges\": [{\"style\": \"BOLD\", \"length\": 11, \"offset\": 0}]}], \"entityMap\": {}}',1,0,0,0,0,0,'2021-12-06 12:20:59','2021-12-06 12:20:59'),(89,1,'4419342f-568f-11ec-9663-9c7bef452e53','string','string','{}',1,0,0,0,0,0,'2021-12-06 12:23:06','2021-12-06 12:23:06'),(90,1,'63168be4-5690-11ec-9663-9c7bef452e53','string','string','{}',1,0,0,0,0,0,'2021-12-06 12:31:07','2021-12-06 12:31:07'),(91,1,'bab58d4b-5690-11ec-9663-9c7bef452e53','string','string','{}',1,0,0,0,0,0,'2021-12-06 12:33:34','2021-12-06 12:33:34'),(92,1,'cc02ba35-5690-11ec-9663-9c7bef452e53','string','string','{}',1,0,0,0,0,0,'2021-12-06 12:34:03','2021-12-06 12:34:03'),(93,1,'0514e772-5691-11ec-9663-9c7bef452e53','string','string','{}',1,0,0,0,0,0,'2021-12-06 12:35:39','2021-12-06 12:35:39'),(94,1,'0d71cc65-5691-11ec-9663-9c7bef452e53','string','string','{}',1,0,0,0,0,0,'2021-12-06 12:35:53','2021-12-06 12:35:53'),(95,1,'18da005b-5691-11ec-9663-9c7bef452e53','string','string','{}',1,0,0,0,0,0,'2021-12-06 12:36:12','2021-12-06 12:36:12'),(96,1,'24454853-5691-11ec-9663-9c7bef452e53','string','string','{}',1,0,0,0,0,0,'2021-12-06 12:36:32','2021-12-06 12:36:32'),(97,1,'a268cf6c-5691-11ec-9663-9c7bef452e53','string','string','{}',1,0,0,0,0,0,'2021-12-06 12:40:03','2021-12-06 12:40:03'),(98,15,'66e9c6b2-5693-11ec-9663-9c7bef452e53','chghfgh','chghfgh','{\"blocks\": [{\"key\": \"4u38q\", \"data\": {}, \"text\": \"dfghdfhdfhfdh\", \"type\": \"unstyled\", \"depth\": 0, \"entityRanges\": [], \"inlineStyleRanges\": []}], \"entityMap\": {}}',1,0,0,0,0,0,'2021-12-06 12:52:42','2021-12-06 12:52:42'),(99,15,'6bad519b-56a5-11ec-9663-9c7bef452e53','','It is a long established fact that a reader will be distracted by the readable content of a page when looking at its layout. The point of using Lorem Ipsum is that it has a more-or-less normal distrib','{\"blocks\": [{\"key\": \"bquul\", \"data\": {}, \"text\": \"It is a long established fact that a reader will be distracted by the readable content of a page when looking at its layout. The point of using Lorem Ipsum is that it has a more-or-less normal distribution of letters, as opposed to using \'Content here, content here\', making it look like readable English. Many desktop publishing packages and web page editors now use Lorem Ipsum as their default model text, and a search for \'lorem ipsum\' will uncover many web sites still in their infancy. Various versions have evolved over the years, sometimes by accident, sometimes on purpose (injected humour and the like).\", \"type\": \"unstyled\", \"depth\": 0, \"entityRanges\": [], \"inlineStyleRanges\": []}], \"entityMap\": {}}',1,0,0,0,0,0,'2021-12-06 15:01:41','2021-12-06 15:01:41'),(100,15,'7e5e3cf6-56a8-11ec-9663-9c7bef452e53','sddsfsfdfdf','There are many variations of passages of Lorem Ipsum available, but the majority have suffered alteration in some form, by injected humour, or randomised words which don\'t look even slightly believabl','{\"blocks\": [{\"key\": \"4eml1\", \"data\": {}, \"text\": \"There are many variations of passages of Lorem Ipsum available, but the majority have suffered alteration in some form, by injected humour, or randomised words which don\'t look even slightly believable. If you are going to use a passage of Lorem Ipsum, you need to be sure there isn\'t anything embarrassing hidden in the middle of text. All the Lorem Ipsum generators on the Internet tend to repeat predefined chunks as necessary, making this the first true generator on the Internet. It uses a dictionary of over 200 Latin words, combined with a handful of\", \"type\": \"unstyled\", \"depth\": 0, \"entityRanges\": [], \"inlineStyleRanges\": []}], \"entityMap\": {}}',1,0,0,0,0,0,'2021-12-06 15:23:41','2021-12-06 15:23:41'),(101,15,'823c59ac-56a8-11ec-9663-9c7bef452e53','sddsfsfdfdf','There are many variations of passages of Lorem Ipsum available, but the majority have suffered alteration in some form, by injected humour, or randomised words which don\'t look even slightly believabl','{\"blocks\": [{\"key\": \"4eml1\", \"data\": {}, \"text\": \"There are many variations of passages of Lorem Ipsum available, but the majority have suffered alteration in some form, by injected humour, or randomised words which don\'t look even slightly believable. If you are going to use a passage of Lorem Ipsum, you need to be sure there isn\'t anything embarrassing hidden in the middle of text. All the Lorem Ipsum generators on the Internet tend to repeat predefined chunks as necessary, making this the first true generator on the Internet. It uses a dictionary of over 200 Latin words, combined with a handful of\", \"type\": \"unstyled\", \"depth\": 0, \"entityRanges\": [], \"inlineStyleRanges\": []}], \"entityMap\": {}}',1,0,0,0,0,0,'2021-12-06 15:23:48','2021-12-06 15:23:48'),(102,15,'b6f5b1ea-56a8-11ec-9663-9c7bef452e53','sddsfsfdfdf','There are many variations of passages of Lorem Ipsum available, but the majority have suffered alteration in some form, by injected humour, or randomised words which don\'t look even slightly believabl','{\"blocks\": [{\"key\": \"4eml1\", \"data\": {}, \"text\": \"There are many variations of passages of Lorem Ipsum available, but the majority have suffered alteration in some form, by injected humour, or randomised words which don\'t look even slightly believable. If you are going to use a passage of Lorem Ipsum, you need to be sure there isn\'t anything embarrassing hidden in the middle of text. All the Lorem Ipsum generators on the Internet tend to repeat predefined chunks as necessary, making this the first true generator on the Internet. It uses a dictionary of over 200 Latin words, combined with a handful of\", \"type\": \"unstyled\", \"depth\": 0, \"entityRanges\": [], \"inlineStyleRanges\": []}], \"entityMap\": {}}',1,0,0,0,0,0,'2021-12-06 15:25:16','2021-12-06 15:25:16'),(103,15,'f09951ab-56aa-11ec-9663-9c7bef452e53','fgdgdg','dfgdfgdfg','{\"blocks\": [{\"key\": \"2h2tf\", \"data\": {}, \"text\": \"dfgdfgdfg\", \"type\": \"unstyled\", \"depth\": 0, \"entityRanges\": [], \"inlineStyleRanges\": []}], \"entityMap\": {}}',1,0,0,0,0,0,'2021-12-06 15:41:12','2021-12-06 15:41:12'),(104,15,'1a64632a-56ab-11ec-9663-9c7bef452e53','fgdgdg','dfgdfgdfg','{\"blocks\": [{\"key\": \"2h2tf\", \"data\": {}, \"text\": \"dfgdfgdfg\", \"type\": \"unstyled\", \"depth\": 0, \"entityRanges\": [], \"inlineStyleRanges\": []}], \"entityMap\": {}}',1,0,0,0,0,0,'2021-12-06 15:42:22','2021-12-06 15:42:22'),(105,1,'7234c71f-5771-11ec-9663-9c7bef452e53','string','string','{}',1,0,0,0,0,0,'2021-12-07 15:22:10','2021-12-07 15:22:10'),(106,1,'7f0704bb-5771-11ec-9663-9c7bef452e53','string','string','{}',1,0,0,0,0,0,'2021-12-07 15:22:31','2021-12-07 15:22:31'),(107,1,'9632a317-5771-11ec-9663-9c7bef452e53','string','string','{}',1,0,0,0,0,0,'2021-12-07 15:23:10','2021-12-07 15:23:10'),(108,1,'9ec7ee2d-5771-11ec-9663-9c7bef452e53','string','string','{}',1,0,0,0,0,0,'2021-12-07 15:23:24','2021-12-07 15:23:24'),(109,1,'83394c5b-581f-11ec-9663-9c7bef452e53','string','string','{}',1,0,0,0,0,0,'2021-12-08 12:08:11','2021-12-08 12:08:11'),(110,1,'8e38ead1-5821-11ec-9663-9c7bef452e53','ortal','descriptionnn','{}',1,0,0,0,0,0,'2021-12-08 12:22:48','2021-12-08 12:22:48'),(111,1,'bb63cb98-5821-11ec-9663-9c7bef452e53','ortal','descriptionnn','{}',1,0,0,0,0,0,'2021-12-08 12:24:04','2021-12-08 12:24:04'),(112,1,'e72d7def-5827-11ec-9663-9c7bef452e53','ortal','descriptionnn','{}',1,0,0,0,0,0,'2021-12-08 13:08:14','2021-12-08 13:08:14'),(113,1,'30208b4c-5828-11ec-9663-9c7bef452e53','ortal','descriptionnn','{}',1,0,0,0,0,0,'2021-12-08 13:10:17','2021-12-08 13:10:17'),(114,1,'4e5b7dad-5828-11ec-9663-9c7bef452e53','ortal','descriptionnn','{}',1,0,0,0,0,0,'2021-12-08 13:11:07','2021-12-08 13:11:07'),(115,1,'5dd99c99-5828-11ec-9663-9c7bef452e53','ortal','descriptionnn','{}',1,0,0,0,0,0,'2021-12-08 13:11:33','2021-12-08 13:11:33'),(116,1,'8eae5826-5828-11ec-9663-9c7bef452e53','ortal','descriptionnn','{}',1,0,0,0,0,0,'2021-12-08 13:12:55','2021-12-08 13:12:55'),(117,1,'ce4ca756-5828-11ec-9663-9c7bef452e53','ortal','descriptionnn','{}',1,0,0,0,0,0,'2021-12-08 13:14:42','2021-12-08 13:14:42'),(118,1,'e496cf79-5828-11ec-9663-9c7bef452e53','ortal','descriptionnn','{}',1,0,0,0,0,0,'2021-12-08 13:15:19','2021-12-08 13:15:19'),(119,1,'f49a8dee-5828-11ec-9663-9c7bef452e53','ortal','descriptionnn','{}',1,0,0,0,0,0,'2021-12-08 13:15:46','2021-12-08 13:15:46'),(120,1,'d0813ffc-582c-11ec-9663-9c7bef452e53','ortal','descriptionnn','{}',1,0,0,0,0,0,'2021-12-08 13:43:24','2021-12-08 13:43:24'),(121,1,'405d9add-5832-11ec-9663-9c7bef452e53','string','string','{}',1,0,0,0,0,0,'2021-12-08 14:22:19','2021-12-08 14:22:19'),(122,1,'3d114019-5834-11ec-9663-9c7bef452e53','string','string','{}',1,0,0,0,0,0,'2021-12-08 14:36:32','2021-12-08 14:36:32'),(123,1,'347033ae-583a-11ec-9663-9c7bef452e53','string','string','{}',1,0,0,0,0,0,'2021-12-08 15:19:15','2021-12-08 15:19:15'),(124,1,'4de49171-583a-11ec-9663-9c7bef452e53','string','string','{}',1,0,0,0,0,0,'2021-12-08 15:19:57','2021-12-08 15:19:57'),(125,1,'610d2864-583a-11ec-9663-9c7bef452e53','string','string','{}',1,0,0,0,0,0,'2021-12-08 15:20:30','2021-12-08 15:20:30'),(126,1,'e0f59428-583b-11ec-9663-9c7bef452e53','string','string','{}',1,0,0,0,0,0,'2021-12-08 15:31:14','2021-12-08 15:31:14'),(127,1,'f8fcaf13-583b-11ec-9663-9c7bef452e53','string','string','{}',1,0,0,0,0,0,'2021-12-08 15:31:54','2021-12-08 15:31:54'),(128,1,'0f3ec496-583c-11ec-9663-9c7bef452e53','string','string','{}',1,0,0,0,0,0,'2021-12-08 15:32:31','2021-12-08 15:32:31'),(129,1,'1beb8223-583c-11ec-9663-9c7bef452e53','string','string','{}',1,0,0,0,0,0,'2021-12-08 15:32:53','2021-12-08 15:32:53'),(130,1,'3ddbbbe8-583c-11ec-9663-9c7bef452e53','string','string','{}',1,0,0,0,0,0,'2021-12-08 15:33:50','2021-12-08 15:33:50'),(131,1,'792328b4-583c-11ec-9663-9c7bef452e53','string','string','{}',1,0,0,0,0,0,'2021-12-08 15:35:29','2021-12-08 15:35:29'),(132,1,'6213a598-583d-11ec-9663-9c7bef452e53','string','string','{}',1,0,0,0,0,0,'2021-12-08 15:42:00','2021-12-08 15:42:00'),(133,1,'0bae3cb2-58ce-11ec-9663-9c7bef452e53','string','string','{}',1,0,0,0,0,0,'2021-12-09 08:57:32','2021-12-09 08:57:32'),(134,1,'f942bc83-58ce-11ec-9663-9c7bef452e53','string','string','{}',1,0,0,0,0,0,'2021-12-09 09:04:11','2021-12-09 09:04:11'),(135,1,'3c9358a6-58cf-11ec-9663-9c7bef452e53','string','string','{}',1,0,0,0,0,0,'2021-12-09 09:06:03','2021-12-09 09:06:03'),(136,1,'6a0de63a-58cf-11ec-9663-9c7bef452e53','string','string','{}',1,0,0,0,0,0,'2021-12-09 09:07:20','2021-12-09 09:07:20'),(137,1,'f947db3e-58cf-11ec-9663-9c7bef452e53','string','string','{}',1,0,0,0,0,0,'2021-12-09 09:11:20','2021-12-09 09:11:20'),(138,1,'2825fd32-58d0-11ec-9663-9c7bef452e53','string','string','{}',1,0,0,0,0,0,'2021-12-09 09:12:39','2021-12-09 09:12:39'),(139,1,'39687acf-58d0-11ec-9663-9c7bef452e53','string','string','{}',1,0,0,0,0,0,'2021-12-09 09:13:08','2021-12-09 09:13:08'),(140,1,'318d8a01-58d1-11ec-9663-9c7bef452e53','string','string','{}',1,0,0,0,0,0,'2021-12-09 09:20:04','2021-12-09 09:20:04'),(141,1,'ea579b68-58fd-11ec-9663-9c7bef452e53','string','string','{}',1,0,0,0,0,0,'2021-12-09 14:40:12','2021-12-09 14:40:12'),(142,1,'05a727f4-5902-11ec-9663-9c7bef452e53','string','string','{}',1,0,0,0,0,0,'2021-12-09 15:09:36','2021-12-09 15:09:36'),(143,1,'b46da3ed-5904-11ec-9663-9c7bef452e53','string','string','{}',1,0,0,0,0,0,'2021-12-09 15:28:48','2021-12-09 15:28:48'),(144,1,'a0389f5e-5908-11ec-9663-9c7bef452e53','string','string','{}',1,0,0,0,0,0,'2021-12-09 15:56:52','2021-12-09 15:56:52'),(145,1,'2cfe4e6f-5b19-11ec-9663-9c7bef452e53','new post','everything you need to know','{}',1,0,0,0,0,0,'2021-12-12 07:00:22','2021-12-12 07:00:22'),(146,12,'c2f8c7c8-5d88-11ec-9663-9c7bef452e53','h','i','{\"blocks\": [{\"key\": \"77t4t\", \"data\": {}, \"text\": \"i\", \"type\": \"unstyled\", \"depth\": 0, \"entityRanges\": [], \"inlineStyleRanges\": []}], \"entityMap\": {}}',1,0,0,0,0,0,'2021-12-15 09:24:10','2021-12-15 09:24:10'),(147,12,'c3e17769-5d88-11ec-9663-9c7bef452e53','h','i','{\"blocks\": [{\"key\": \"77t4t\", \"data\": {}, \"text\": \"i\", \"type\": \"unstyled\", \"depth\": 0, \"entityRanges\": [], \"inlineStyleRanges\": []}], \"entityMap\": {}}',1,0,0,0,0,0,'2021-12-15 09:24:12','2021-12-15 09:24:12'),(148,12,'c4538e69-5d88-11ec-9663-9c7bef452e53','h','i','{\"blocks\": [{\"key\": \"77t4t\", \"data\": {}, \"text\": \"i\", \"type\": \"unstyled\", \"depth\": 0, \"entityRanges\": [], \"inlineStyleRanges\": []}], \"entityMap\": {}}',1,0,0,0,0,0,'2021-12-15 09:24:13','2021-12-15 09:24:13');
/*!40000 ALTER TABLE `publication` ENABLE KEYS */;
UNLOCK TABLES;

--
-- Table structure for table `publication_has_tag`
--

DROP TABLE IF EXISTS `publication_has_tag`;
/*!40101 SET @saved_cs_client     = @@character_set_client */;
/*!50503 SET character_set_client = utf8mb4 */;
CREATE TABLE `publication_has_tag` (
  `publication_id` int unsigned NOT NULL,
  `tag_id` int unsigned NOT NULL,
  `created_at` timestamp NOT NULL DEFAULT CURRENT_TIMESTAMP,
  PRIMARY KEY (`publication_id`,`tag_id`),
  KEY `fk_publication_has_tag_tag1_idx` (`tag_id`),
  KEY `fk_publication_has_tag_publication1_idx` (`publication_id`),
  CONSTRAINT `fk_publication_has_tag_publication1` FOREIGN KEY (`publication_id`) REFERENCES `publication` (`id`),
  CONSTRAINT `fk_publication_has_tag_tag1` FOREIGN KEY (`tag_id`) REFERENCES `tag` (`id`)
) ENGINE=InnoDB DEFAULT CHARSET=utf8mb3;
/*!40101 SET character_set_client = @saved_cs_client */;

--
-- Dumping data for table `publication_has_tag`
--

LOCK TABLES `publication_has_tag` WRITE;
/*!40000 ALTER TABLE `publication_has_tag` DISABLE KEYS */;
INSERT INTO `publication_has_tag` VALUES (22,1,'2021-11-30 15:38:32'),(25,1,'2021-11-30 15:41:00'),(26,1,'2021-11-30 15:41:57'),(27,1,'2021-11-30 15:42:10'),(28,1,'2021-11-30 15:42:52'),(29,1,'2021-11-30 15:44:19'),(30,1,'2021-11-30 15:44:35'),(31,1,'2021-11-30 15:46:33'),(32,1,'2021-11-30 15:47:33'),(33,1,'2021-11-30 15:51:32'),(34,1,'2021-11-30 15:52:42'),(35,1,'2021-11-30 15:53:06'),(36,1,'2021-11-30 15:53:24'),(37,1,'2021-11-30 15:53:45'),(38,1,'2021-11-30 15:54:03'),(39,1,'2021-11-30 15:54:56'),(40,1,'2021-11-30 15:55:18'),(41,1,'2021-11-30 15:55:30'),(42,1,'2021-11-30 15:55:40'),(44,1,'2021-11-30 15:56:46'),(46,1,'2021-11-30 15:57:28'),(48,1,'2021-11-30 15:58:03'),(49,1,'2021-11-30 15:59:14'),(50,1,'2021-11-30 16:00:39'),(51,1,'2021-11-30 16:15:49'),(52,1,'2021-11-30 16:16:15'),(53,1,'2021-11-30 16:16:46'),(54,1,'2021-11-30 16:17:23'),(55,1,'2021-11-30 16:18:45'),(56,1,'2021-11-30 16:19:10'),(57,1,'2021-11-30 16:19:59'),(58,1,'2021-11-30 16:23:23'),(59,1,'2021-11-30 16:25:08'),(60,1,'2021-11-30 16:27:56'),(61,1,'2021-11-30 16:30:36'),(62,1,'2021-11-30 16:32:34'),(63,1,'2021-11-30 16:33:18'),(64,1,'2021-11-30 16:34:00'),(65,1,'2021-11-30 16:34:50'),(66,1,'2021-11-30 16:37:19'),(67,1,'2021-11-30 17:01:01'),(68,1,'2021-11-30 17:03:14'),(69,1,'2021-11-30 17:09:11'),(70,1,'2021-11-30 17:13:48'),(71,1,'2021-11-30 17:14:03'),(72,1,'2021-11-30 17:15:08'),(73,1,'2021-11-30 17:24:52'),(77,2,'2021-12-02 12:15:40'),(78,3,'2021-12-05 08:46:14'),(78,4,'2021-12-05 10:10:22'),(83,1,'2021-12-05 08:08:11'),(84,5,'2021-12-05 11:12:56'),(84,6,'2021-12-05 11:12:56'),(85,1,'2021-12-05 12:33:58'),(86,1,'2021-12-05 13:50:25'),(88,7,'2021-12-06 12:20:59'),(91,1,'2021-12-06 12:33:34'),(92,1,'2021-12-06 12:34:03'),(93,1,'2021-12-06 12:35:39'),(94,1,'2021-12-06 12:35:53'),(95,1,'2021-12-06 12:36:12'),(96,1,'2021-12-06 12:36:32'),(97,1,'2021-12-06 12:40:03'),(98,8,'2021-12-06 12:52:42'),(99,9,'2021-12-06 15:01:41'),(100,10,'2021-12-06 15:23:41'),(101,10,'2021-12-06 15:23:48'),(102,10,'2021-12-06 15:25:16'),(104,11,'2021-12-06 15:42:22'),(106,1,'2021-12-07 15:22:31'),(107,1,'2021-12-07 15:23:10'),(108,1,'2021-12-07 15:23:24'),(109,12,'2021-12-08 12:08:11'),(110,12,'2021-12-08 12:22:48'),(111,12,'2021-12-08 12:24:04'),(112,12,'2021-12-08 13:08:14'),(113,12,'2021-12-08 13:10:17'),(114,12,'2021-12-08 13:11:07'),(115,12,'2021-12-08 13:11:33'),(116,12,'2021-12-08 13:12:55'),(117,12,'2021-12-08 13:14:42'),(118,12,'2021-12-08 13:15:19'),(119,12,'2021-12-08 13:15:46'),(120,12,'2021-12-08 13:43:24'),(121,13,'2021-12-08 14:22:19'),(122,13,'2021-12-08 14:36:32'),(123,13,'2021-12-08 15:19:15'),(124,13,'2021-12-08 15:19:57'),(125,13,'2021-12-08 15:20:30'),(126,13,'2021-12-08 15:31:14'),(127,13,'2021-12-08 15:31:54'),(128,13,'2021-12-08 15:32:31'),(129,13,'2021-12-08 15:32:53'),(130,13,'2021-12-08 15:33:50'),(131,13,'2021-12-08 15:35:29'),(132,13,'2021-12-08 15:42:00'),(133,1,'2021-12-09 08:57:32'),(134,1,'2021-12-09 09:04:11'),(135,1,'2021-12-09 09:06:03'),(136,1,'2021-12-09 09:07:20'),(137,1,'2021-12-09 09:11:20'),(138,1,'2021-12-09 09:12:39'),(139,1,'2021-12-09 09:13:08'),(140,1,'2021-12-09 09:20:04'),(141,1,'2021-12-09 14:40:12'),(142,1,'2021-12-09 15:09:36'),(143,1,'2021-12-09 15:28:48'),(144,1,'2021-12-09 15:56:52'),(145,14,'2021-12-12 07:00:22');
/*!40000 ALTER TABLE `publication_has_tag` ENABLE KEYS */;
UNLOCK TABLES;

--
-- Table structure for table `social`
--

DROP TABLE IF EXISTS `social`;
/*!40101 SET @saved_cs_client     = @@character_set_client */;
/*!50503 SET character_set_client = utf8mb4 */;
CREATE TABLE `social` (
  `id` int unsigned NOT NULL AUTO_INCREMENT,
  `publication_id` int unsigned DEFAULT NULL,
  `comment_id` int unsigned DEFAULT NULL,
  `user_id` int unsigned NOT NULL,
  `uuid` varchar(36) NOT NULL,
  `type` enum('like','dislike','share') NOT NULL,
  `created_at` timestamp NOT NULL DEFAULT CURRENT_TIMESTAMP,
  `updated_at` timestamp NOT NULL DEFAULT CURRENT_TIMESTAMP ON UPDATE CURRENT_TIMESTAMP,
  PRIMARY KEY (`id`),
  UNIQUE KEY `uuid_UNIQUE` (`uuid`),
  KEY `fk_social_comment1_idx` (`comment_id`),
  KEY `fk_social_user1_idx` (`user_id`),
  KEY `fk_social_publication1_idx` (`publication_id`),
  CONSTRAINT `fk_social_comment1` FOREIGN KEY (`comment_id`) REFERENCES `comment` (`id`),
  CONSTRAINT `fk_social_publication1` FOREIGN KEY (`publication_id`) REFERENCES `publication` (`id`),
  CONSTRAINT `fk_social_user1` FOREIGN KEY (`user_id`) REFERENCES `user` (`id`)
) ENGINE=InnoDB AUTO_INCREMENT=2 DEFAULT CHARSET=utf8mb3;
/*!40101 SET character_set_client = @saved_cs_client */;

--
-- Dumping data for table `social`
--

LOCK TABLES `social` WRITE;
/*!40000 ALTER TABLE `social` DISABLE KEYS */;
INSERT INTO `social` VALUES (1,NULL,2,1,'b0490aaf-55df-11ec-9663-9c7bef452e53','like','2021-12-05 15:26:16','2021-12-05 15:26:16');
/*!40000 ALTER TABLE `social` ENABLE KEYS */;
UNLOCK TABLES;

--
-- Table structure for table `tag`
--

DROP TABLE IF EXISTS `tag`;
/*!40101 SET @saved_cs_client     = @@character_set_client */;
/*!50503 SET character_set_client = utf8mb4 */;
CREATE TABLE `tag` (
  `id` int unsigned NOT NULL AUTO_INCREMENT,
  `uuid` varchar(36) NOT NULL,
  `name` varchar(255) NOT NULL,
  `created_at` timestamp NOT NULL DEFAULT CURRENT_TIMESTAMP,
  `updated_at` timestamp NOT NULL DEFAULT CURRENT_TIMESTAMP ON UPDATE CURRENT_TIMESTAMP,
  PRIMARY KEY (`id`),
  UNIQUE KEY `uuid_UNIQUE` (`uuid`)
) ENGINE=InnoDB AUTO_INCREMENT=15 DEFAULT CHARSET=utf8mb3;
/*!40101 SET character_set_client = @saved_cs_client */;

--
-- Dumping data for table `tag`
--

LOCK TABLES `tag` WRITE;
/*!40000 ALTER TABLE `tag` DISABLE KEYS */;
INSERT INTO `tag` VALUES (1,'929c5a23-51f3-11ec-9663-9c7bef452e53','string','2021-11-30 15:38:32','2021-11-30 15:38:32'),(2,'905d9a7c-5369-11ec-9663-9c7bef452e53','HaLoYuSSssSSSsssSs','2021-12-02 12:15:40','2021-12-02 12:15:40'),(3,'ce0f4e62-55a7-11ec-9663-9c7bef452e53','tag','2021-12-05 08:46:14','2021-12-05 08:46:14'),(4,'8e86c3f1-55b3-11ec-9663-9c7bef452e53','t','2021-12-05 10:10:22','2021-12-05 10:10:22'),(5,'4c64ee8c-55bc-11ec-9663-9c7bef452e53','dsfsdf','2021-12-05 11:12:56','2021-12-05 11:12:56'),(6,'4c657813-55bc-11ec-9663-9c7bef452e53','sdfdsf','2021-12-05 11:12:56','2021-12-05 11:12:56'),(7,'f86705c1-568e-11ec-9663-9c7bef452e53','dsfsdfdsf','2021-12-06 12:20:59','2021-12-06 12:20:59'),(8,'66eca3db-5693-11ec-9663-9c7bef452e53','fdgfdgdfg','2021-12-06 12:52:42','2021-12-06 12:52:42'),(9,'6bb0460e-56a5-11ec-9663-9c7bef452e53','dsfsfsf','2021-12-06 15:01:41','2021-12-06 15:01:41'),(10,'7e60bf05-56a8-11ec-9663-9c7bef452e53','sdfsf','2021-12-06 15:23:41','2021-12-06 15:23:41'),(11,'1a672eee-56ab-11ec-9663-9c7bef452e53','dfgdg','2021-12-06 15:42:22','2021-12-06 15:42:22'),(12,'833be731-581f-11ec-9663-9c7bef452e53','strtttting','2021-12-08 12:08:11','2021-12-08 12:08:11'),(13,'405f4272-5832-11ec-9663-9c7bef452e53','lala','2021-12-08 14:22:19','2021-12-08 14:22:19'),(14,'2d005922-5b19-11ec-9663-9c7bef452e53','must','2021-12-12 07:00:22','2021-12-12 07:00:22');
/*!40000 ALTER TABLE `tag` ENABLE KEYS */;
UNLOCK TABLES;

--
-- Table structure for table `token`
--

DROP TABLE IF EXISTS `token`;
/*!40101 SET @saved_cs_client     = @@character_set_client */;
/*!50503 SET character_set_client = utf8mb4 */;
CREATE TABLE `token` (
  `id` int unsigned NOT NULL AUTO_INCREMENT,
  `connection_id` int unsigned NOT NULL,
  `type` enum('login','platform','reset-password') NOT NULL,
  `content` text NOT NULL,
  `code` char(6) DEFAULT NULL,
  `created_at` timestamp NOT NULL DEFAULT CURRENT_TIMESTAMP,
  PRIMARY KEY (`id`),
  KEY `fk_token_connection1_idx` (`connection_id`),
  CONSTRAINT `fk_token_connection1` FOREIGN KEY (`connection_id`) REFERENCES `connection` (`id`)
) ENGINE=InnoDB AUTO_INCREMENT=112 DEFAULT CHARSET=utf8mb3;
/*!40101 SET character_set_client = @saved_cs_client */;

--
-- Dumping data for table `token`
--

LOCK TABLES `token` WRITE;
/*!40000 ALTER TABLE `token` DISABLE KEYS */;
INSERT INTO `token` VALUES (1,1,'platform','eyJhbGciOiJIUzI1NiIsInR5cCI6IkpXVCJ9.eyJkYXRhIjoiY295NWR5d0gyM0dQdHpjaFB2ZGs2Y0JIVTNEMVZNcy9UdUg0c3RNNEdZZXgxdXhkekgzVlJlRkY1cm1LZTNtbyIsImFsZ29yaXRobSI6IkhTMjU2IiwiZXhwaXJlc0luIjoiMWQiLCJpYXQiOjE2Mzc4MjE0ODl9.VjEg6EiqCn3DulD-Pmk-qL20yjcrav7v1BGxKsTDGSw',NULL,'2021-11-25 06:24:49'),(2,2,'platform','eyJhbGciOiJIUzI1NiIsInR5cCI6IkpXVCJ9.eyJkYXRhIjoiRDNBMUdnN1FPU0JxYnRRdWo4R0xTSDB0S05CclZDUyswU3RMM2NYOXZPOEFuUnRrVkZCaDY5RUhRYytjdGhXLyIsImFsZ29yaXRobSI6IkhTMjU2IiwiZXhwaXJlc0luIjoiMWQiLCJpYXQiOjE2Mzc4NDIzNjZ9.fR2h5A6gIqo07r8iUZb3WytqT5RrNCbDuhzYBKqTjIg',NULL,'2021-11-25 12:12:46'),(3,3,'platform','eyJhbGciOiJIUzI1NiIsInR5cCI6IkpXVCJ9.eyJkYXRhIjoiTkcrOWJhWGI0T3lEclZ6b2J5RWxFb1h6emdXV1JWQWU4SFBacjR3ZlhCd1VRQ0NxOEVEV3RRUTFwSG5yc0g4ZCIsImFsZ29yaXRobSI6IkhTMjU2IiwiZXhwaXJlc0luIjoiMWQiLCJpYXQiOjE2Mzc4NDQyODR9.OW9Zjn9R51qaY38w0g3rUkbwYmKb_O0jbI2f3HaDD1E',NULL,'2021-11-25 12:44:44'),(4,4,'platform','eyJhbGciOiJIUzI1NiIsInR5cCI6IkpXVCJ9.eyJkYXRhIjoiY295NWR5d0gyM0dQdHpjaFB2ZGs2Y0JIVTNEMVZNcy9UdUg0c3RNNEdZZXgxdXhkekgzVlJlRkY1cm1LZTNtbyIsImFsZ29yaXRobSI6IkhTMjU2IiwiZXhwaXJlc0luIjoiMWQiLCJpYXQiOjE2Mzc4NDYyMDl9.Bi9trEiJffgMJTvLP78uuB3hz-lrVnifByyZukJ3Yqw',NULL,'2021-11-25 13:16:49'),(5,5,'platform','eyJhbGciOiJIUzI1NiIsInR5cCI6IkpXVCJ9.eyJkYXRhIjoiRDNBMUdnN1FPU0JxYnRRdWo4R0xTSDB0S05CclZDUyswU3RMM2NYOXZPOEFuUnRrVkZCaDY5RUhRYytjdGhXLyIsImFsZ29yaXRobSI6IkhTMjU2IiwiZXhwaXJlc0luIjoiMWQiLCJpYXQiOjE2Mzc4NTA1ODB9.CkLwxn_mM0NPEYsqXt9BBNpCpop3VSoPtWcgtDL30Y0',NULL,'2021-11-25 14:29:40'),(6,6,'platform','eyJhbGciOiJIUzI1NiIsInR5cCI6IkpXVCJ9.eyJkYXRhIjoiRDNBMUdnN1FPU0JxYnRRdWo4R0xTSDB0S05CclZDUyswU3RMM2NYOXZPOEFuUnRrVkZCaDY5RUhRYytjdGhXLyIsImFsZ29yaXRobSI6IkhTMjU2IiwiZXhwaXJlc0luIjoiMWQiLCJpYXQiOjE2Mzc4NTE3MDZ9.-0FImqJwQ5CWeV-pTMMIkxqHh7hiuEe1Ov5AfyEqsdQ',NULL,'2021-11-25 14:48:26'),(7,7,'platform','eyJhbGciOiJIUzI1NiIsInR5cCI6IkpXVCJ9.eyJkYXRhIjoiRDNBMUdnN1FPU0JxYnRRdWo4R0xTSDB0S05CclZDUyswU3RMM2NYOXZPOEFuUnRrVkZCaDY5RUhRYytjdGhXLyIsImFsZ29yaXRobSI6IkhTMjU2IiwiZXhwaXJlc0luIjoiMWQiLCJpYXQiOjE2Mzc4NTI3Nzl9.zviBYcttgRw11WXCUgQCsZ4v5MY3VokhxilO6gVO6Ic',NULL,'2021-11-25 15:06:19'),(8,8,'platform','eyJhbGciOiJIUzI1NiIsInR5cCI6IkpXVCJ9.eyJkYXRhIjoiRDNBMUdnN1FPU0JxYnRRdWo4R0xTSDB0S05CclZDUyswU3RMM2NYOXZPOEFuUnRrVkZCaDY5RUhRYytjdGhXLyIsImFsZ29yaXRobSI6IkhTMjU2IiwiZXhwaXJlc0luIjoiMWQiLCJpYXQiOjE2Mzc4NTI3OTJ9.VN8o91bEMebmbaimzGSee-IxYXupJs8bQckJ--4h4M4',NULL,'2021-11-25 15:06:32'),(9,9,'platform','eyJhbGciOiJIUzI1NiIsInR5cCI6IkpXVCJ9.eyJkYXRhIjoiRDNBMUdnN1FPU0JxYnRRdWo4R0xTSDB0S05CclZDUyswU3RMM2NYOXZPK0FxYjk4bDlrdzd6SG1IVkh6alpMeDdCWU1MbFg1SlB2SC9lMGVVaUhxSU1HYXpHcjFnL0hIZzE0VldpVmlDc2c9IiwiYWxnb3JpdGhtIjoiSFMyNTYiLCJleHBpcmVzSW4iOiIxZCIsImlhdCI6MTYzNzg1MzcwN30.zYyH_i7TWb2i4C4Re-2DVJe_zmnNgQQs8s3vTaATvjo',NULL,'2021-11-25 15:21:47'),(10,10,'platform','eyJhbGciOiJIUzI1NiIsInR5cCI6IkpXVCJ9.eyJkYXRhIjoiRDNBMUdnN1FPU0JxYnRRdWo4R0xTSDB0S05CclZDUyswU3RMM2NYOXZPK0FxYjk4bDlrdzd6SG1IVkh6alpMeDdCWU1MbFg1SlB2SC9lMGVVaUhxSU1HYXpHcjFnL0hIZzE0VldpVmlDc2c9IiwiYWxnb3JpdGhtIjoiSFMyNTYiLCJleHBpcmVzSW4iOiIxZCIsImlhdCI6MTYzNzg1MzcyOH0.8jSrnZwZFzu4i2CoLq5ViNyv_BF6Dv8DHLmtjy3Hwlo',NULL,'2021-11-25 15:22:08'),(11,11,'platform','eyJhbGciOiJIUzI1NiIsInR5cCI6IkpXVCJ9.eyJkYXRhIjoiY295NWR5d0gyM0dQdHpjaFB2ZGs2Y0JIVTNEMVZNcy9UdUg0c3RNNEdZZFJqZFhIRlJGbTdrY0V3U0R4WVlWV0tDZVRVSS9lYlZLN2h5NE1GOFhpaFFLc2tXVU9hcVgvVS9WcCtndkNDdDg9IiwiYWxnb3JpdGhtIjoiSFMyNTYiLCJleHBpcmVzSW4iOiIxZCIsImlhdCI6MTYzODI4MTU3MX0.F7AJLeOM4DHITPrGXli--SjlwIc-OkUtUHB7e_CVTAw',NULL,'2021-11-30 14:12:51'),(12,12,'platform','eyJhbGciOiJIUzI1NiIsInR5cCI6IkpXVCJ9.eyJkYXRhIjoiY295NWR5d0gyM0dQdHpjaFB2ZGs2Y0JIVTNEMVZNcy9UdUg0c3RNNEdZZFJqZFhIRlJGbTdrY0V3U0R4WVlWV0tDZVRVSS9lYlZLN2h5NE1GOFhpaFFLc2tXVU9hcVgvVS9WcCtndkNDdDg9IiwiYWxnb3JpdGhtIjoiSFMyNTYiLCJleHBpcmVzSW4iOiIxZCIsImlhdCI6MTYzODI4MzYwOX0.Ox0_ASBAY5Ze8or2DkNrwEGTCjLkoUTCZkKwex5TNgY',NULL,'2021-11-30 14:46:49'),(13,13,'platform','eyJhbGciOiJIUzI1NiIsInR5cCI6IkpXVCJ9.eyJkYXRhIjoiY295NWR5d0gyM0dQdHpjaFB2ZGs2Y0JIVTNEMVZNcy9UdUg0c3RNNEdZZFJqZFhIRlJGbTdrY0V3U0R4WVlWV0tDZVRVSS9lYlZLN2h5NE1GOFhpaFFLc2tXVU9hcVgvVS9WcCtndkNDdDg9IiwiYWxnb3JpdGhtIjoiSFMyNTYiLCJleHBpcmVzSW4iOiIxZCIsImlhdCI6MTYzODI4Mzc2N30.Bd-BP1uH8JsErsQjzjtNMb8vR5O7GJZs739ee02Mlko',NULL,'2021-11-30 14:49:27'),(14,14,'platform','eyJhbGciOiJIUzI1NiIsInR5cCI6IkpXVCJ9.eyJkYXRhIjoiRDNBMUdnN1FPU0JxYnRRdWo4R0xTSDB0S05CclZDUyswU3RMM2NYOXZPK0FxYjk4bDlrdzd6SG1IVkh6alpMeDdCWU1MbFg1SlB2SC9lMGVVaUhxSU1HYXpHcjFnL0hIZzE0VldpVmlDc2c9IiwiYWxnb3JpdGhtIjoiSFMyNTYiLCJleHBpcmVzSW4iOiIxZCIsImlhdCI6MTYzODI4MzgzN30.kMVKidSQqaDKcNzIOi8_E2PfgGxUtEeS7MA15-y9eLM',NULL,'2021-11-30 14:50:37'),(15,15,'platform','eyJhbGciOiJIUzI1NiIsInR5cCI6IkpXVCJ9.eyJkYXRhIjoiY295NWR5d0gyM0dQdHpjaFB2ZGs2Y0JIVTNEMVZNcy9UdUg0c3RNNEdZZFJqZFhIRlJGbTdrY0V3U0R4WVlWV0tDZVRVSS9lYlZLN2h5NE1GOFhpaFFLc2tXVU9hcVgvVS9WcCtndkNDdDg9IiwiYWxnb3JpdGhtIjoiSFMyNTYiLCJleHBpcmVzSW4iOiIxZCIsImlhdCI6MTYzODI4MzkyNn0.lrTMPwMpcZxRCHiYS-uq2jV_fzCgvvDkNb9ISggbj3c',NULL,'2021-11-30 14:52:06'),(16,16,'platform','eyJhbGciOiJIUzI1NiIsInR5cCI6IkpXVCJ9.eyJkYXRhIjoiY295NWR5d0gyM0dQdHpjaFB2ZGs2Y0JIVTNEMVZNcy9UdUg0c3RNNEdZZFJqZFhIRlJGbTdrY0V3U0R4WVlWV0tDZVRVSS9lYlZLN2h5NE1GOFhpaFFLc2tXVU9hcVgvVS9WcCtndkNDdDg9IiwiYWxnb3JpdGhtIjoiSFMyNTYiLCJleHBpcmVzSW4iOiIxZCIsImlhdCI6MTYzODI4Mzk1OX0.GYDqT9wK9AsosknxR5okTTvITAQ4JUzmLNlXy7UGDOc',NULL,'2021-11-30 14:52:39'),(17,17,'platform','eyJhbGciOiJIUzI1NiIsInR5cCI6IkpXVCJ9.eyJkYXRhIjoiY295NWR5d0gyM0dQdHpjaFB2ZGs2Y0JIVTNEMVZNcy9UdUg0c3RNNEdZZFJqZFhIRlJGbTdrY0V3U0R4WVlWV0tDZVRVSS9lYlZLN2h5NE1GOFhpaFFLc2tXVU9hcVgvVS9WcCtndkNDdDg9IiwiYWxnb3JpdGhtIjoiSFMyNTYiLCJleHBpcmVzSW4iOiIxZCIsImlhdCI6MTYzODI4Mzk4MH0.dD0IOeEi0Y3OvwhQ3ULFMBm7kBKV9_Ezd4_Ae3YUYIs',NULL,'2021-11-30 14:53:00'),(18,18,'platform','eyJhbGciOiJIUzI1NiIsInR5cCI6IkpXVCJ9.eyJkYXRhIjoiY295NWR5d0gyM0dQdHpjaFB2ZGs2Y0JIVTNEMVZNcy9UdUg0c3RNNEdZZFJqZFhIRlJGbTdrY0V3U0R4WVlWV0tDZVRVSS9lYlZLN2h5NE1GOFhpaFFLc2tXVU9hcVgvVS9WcCtndkNDdDg9IiwiYWxnb3JpdGhtIjoiSFMyNTYiLCJleHBpcmVzSW4iOiIxZCIsImlhdCI6MTYzODI4Mzk5OX0.KxEgr0TvXlfjXg3TQQyPq71IG_sgNVTRnNW1Iu5MSIY',NULL,'2021-11-30 14:53:19'),(19,19,'platform','eyJhbGciOiJIUzI1NiIsInR5cCI6IkpXVCJ9.eyJkYXRhIjoiRDNBMUdnN1FPU0JxYnRRdWo4R0xTSDB0S05CclZDUyswU3RMM2NYOXZPK0FxYjk4bDlrdzd6SG1IVkh6alpMeDdCWU1MbFg1SlB2SC9lMGVVaUhxSU1HYXpHcjFnL0hIZzE0VldpVmlDc2c9IiwiYWxnb3JpdGhtIjoiSFMyNTYiLCJleHBpcmVzSW4iOiIxZCIsImlhdCI6MTYzODI4NDA3M30.Jr3u61wO3BuJx_eU6KMzpKdeh7tod_k33CBevni3x4s',NULL,'2021-11-30 14:54:33'),(20,20,'platform','eyJhbGciOiJIUzI1NiIsInR5cCI6IkpXVCJ9.eyJkYXRhIjoiRDNBMUdnN1FPU0JxYnRRdWo4R0xTSDB0S05CclZDUyswU3RMM2NYOXZPK0FxYjk4bDlrdzd6SG1IVkh6alpMeDdCWU1MbFg1SlB2SC9lMGVVaUhxSU1HYXpHcjFnL0hIZzE0VldpVmlDc2c9IiwiYWxnb3JpdGhtIjoiSFMyNTYiLCJleHBpcmVzSW4iOiIxZCIsImlhdCI6MTYzODI4NDExNX0.0K6ZfiwfbG5XNFNdKnAekGgtlNGIwJu6CVAAGNvCxUM',NULL,'2021-11-30 14:55:15'),(21,21,'platform','eyJhbGciOiJIUzI1NiIsInR5cCI6IkpXVCJ9.eyJkYXRhIjoiRDNBMUdnN1FPU0JxYnRRdWo4R0xTSDB0S05CclZDUyswU3RMM2NYOXZPK0FxYjk4bDlrdzd6SG1IVkh6alpMeDdCWU1MbFg1SlB2SC9lMGVVaUhxSU1HYXpHcjFnL0hIZzE0VldpVmlDc2c9IiwiYWxnb3JpdGhtIjoiSFMyNTYiLCJleHBpcmVzSW4iOiIxZCIsImlhdCI6MTYzODI4NDU5NH0.yjW2upVXvQqfYy7472HOYUfh-zA845-nHwZ8a9ySrBw',NULL,'2021-11-30 15:03:14'),(22,22,'platform','eyJhbGciOiJIUzI1NiIsInR5cCI6IkpXVCJ9.eyJkYXRhIjoiRDNBMUdnN1FPU0JxYnRRdWo4R0xTSDB0S05CclZDUyswU3RMM2NYOXZPK0FxYjk4bDlrdzd6SG1IVkh6alpMeDdCWU1MbFg1SlB2SC9lMGVVaUhxSU1HYXpHcjFnL0hIZzE0VldpVmlDc2c9IiwiYWxnb3JpdGhtIjoiSFMyNTYiLCJleHBpcmVzSW4iOiIxZCIsImlhdCI6MTYzODI4NDU5OX0.07Xm8ygxLYe0eH7mtIs3ndS0LSncs7_DtHA-6rHpmTE',NULL,'2021-11-30 15:03:19'),(23,23,'platform','eyJhbGciOiJIUzI1NiIsInR5cCI6IkpXVCJ9.eyJkYXRhIjoiY295NWR5d0gyM0dQdHpjaFB2ZGs2Y0JIVTNEMVZNcy9UdUg0c3RNNEdZZFJqZFhIRlJGbTdrY0V3U0R4WVlWV0tDZVRVSS9lYlZLN2h5NE1GOFhpaFFLc2tXVU9hcVgvVS9WcCtndkNDdDg9IiwiYWxnb3JpdGhtIjoiSFMyNTYiLCJleHBpcmVzSW4iOiIxZCIsImlhdCI6MTYzODI4NDY2MH0.yt2yscfasgu3BbofkrJkQTKr8Yo6HvIB9S0BbB_0now',NULL,'2021-11-30 15:04:20'),(24,24,'platform','eyJhbGciOiJIUzI1NiIsInR5cCI6IkpXVCJ9.eyJkYXRhIjoiTkcrOWJhWGI0T3lEclZ6b2J5RWxFb1h6emdXV1JWQWU4SFBacjR3ZlhCeWN4M1cvTjl5bTNWTVBzOGFqZ0h3eFNrbVREWE5LVlYxakZLMURMUngrU0pTVUlrcWtaS255WmxZRC8wWlpvL1E9IiwiYWxnb3JpdGhtIjoiSFMyNTYiLCJleHBpcmVzSW4iOiIxZCIsImlhdCI6MTYzODI4NDc4OX0.kw8f67zr9OnDrdEESSqGS49nQpKlSVWFG_A_B_DvlOk',NULL,'2021-11-30 15:06:29'),(25,25,'platform','eyJhbGciOiJIUzI1NiIsInR5cCI6IkpXVCJ9.eyJkYXRhIjoiY295NWR5d0gyM0dQdHpjaFB2ZGs2Y0JIVTNEMVZNcy9UdUg0c3RNNEdZZFJqZFhIRlJGbTdrY0V3U0R4WVlWV0tDZVRVSS9lYlZLN2h5NE1GOFhpaFFLc2tXVU9hcVgvVS9WcCtndkNDdDg9IiwiYWxnb3JpdGhtIjoiSFMyNTYiLCJleHBpcmVzSW4iOiIxZCIsImlhdCI6MTYzODI4NDkyMn0.Xx3-O73__oGJxWGQK1Fi4A8H0_xjkB2F8y_a3-pPHSo',NULL,'2021-11-30 15:08:42'),(26,26,'platform','eyJhbGciOiJIUzI1NiIsInR5cCI6IkpXVCJ9.eyJkYXRhIjoiRDNBMUdnN1FPU0JxYnRRdWo4R0xTSDB0S05CclZDUyswU3RMM2NYOXZPK0FxYjk4bDlrdzd6SG1IVkh6alpMeDdCWU1MbFg1SlB2SC9lMGVVaUhxSU1HYXpHcjFnL0hIZzE0VldpVmlDc2c9IiwiYWxnb3JpdGhtIjoiSFMyNTYiLCJleHBpcmVzSW4iOiIxZCIsImlhdCI6MTYzODI4NTI3N30.j39hvZgtl8nxXTsMgNPTxvdAKhx7T90i3kCi1tfa3rA',NULL,'2021-11-30 15:14:37'),(27,27,'platform','eyJhbGciOiJIUzI1NiIsInR5cCI6IkpXVCJ9.eyJkYXRhIjoiRDNBMUdnN1FPU0JxYnRRdWo4R0xTSDB0S05CclZDUyswU3RMM2NYOXZPK0FxYjk4bDlrdzd6SG1IVkh6alpMeDdCWU1MbFg1SlB2SC9lMGVVaUhxSU1HYXpHcjFnL0hIZzE0VldpVmlDc2c9IiwiYWxnb3JpdGhtIjoiSFMyNTYiLCJleHBpcmVzSW4iOiIxZCIsImlhdCI6MTYzODI4NTYxNH0.mkStknFT-AVwU8aoCv1UHuVMZlzQa3Kyiyw4DlJzzko',NULL,'2021-11-30 15:20:14'),(28,28,'platform','eyJhbGciOiJIUzI1NiIsInR5cCI6IkpXVCJ9.eyJkYXRhIjoiTkcrOWJhWGI0T3lEclZ6b2J5RWxFb1h6emdXV1JWQWU4SFBacjR3ZlhCeWN4M1cvTjl5bTNWTVBzOGFqZ0h3eFNrbVREWE5LVlYxakZLMURMUngrU0pTVUlrcWtaS255WmxZRC8wWlpvL1E9IiwiYWxnb3JpdGhtIjoiSFMyNTYiLCJleHBpcmVzSW4iOiIxZCIsImlhdCI6MTYzODM0MTA5N30.QLkwAEVc-jBnJ8o-tyyWvrgtuhpiHz8dXcSrJRAvfl0',NULL,'2021-12-01 06:44:57'),(29,29,'platform','eyJhbGciOiJIUzI1NiIsInR5cCI6IkpXVCJ9.eyJkYXRhIjoiTkcrOWJhWGI0T3lEclZ6b2J5RWxFb1h6emdXV1JWQWU4SFBacjR3ZlhCeWN4M1cvTjl5bTNWTVBzOGFqZ0h3eFNrbVREWE5LVlYxakZLMURMUngrU0pTVUlrcWtaS255WmxZRC8wWlpvL1E9IiwiYWxnb3JpdGhtIjoiSFMyNTYiLCJleHBpcmVzSW4iOiIxZCIsImlhdCI6MTYzODM0MTUzNX0.um5sd5eQ0cxf-1Z58P8LplEIztuJKoIJ1jNkB6A1uJg',NULL,'2021-12-01 06:52:15'),(30,30,'platform','eyJhbGciOiJIUzI1NiIsInR5cCI6IkpXVCJ9.eyJkYXRhIjoiTkcrOWJhWGI0T3lEclZ6b2J5RWxFb1h6emdXV1JWQWU4SFBacjR3ZlhCeWN4M1cvTjl5bTNWTVBzOGFqZ0h3eFNrbVREWE5LVlYxakZLMURMUngrU0pTVUlrcWtaS255WmxZRC8wWlpvL1E9IiwiYWxnb3JpdGhtIjoiSFMyNTYiLCJleHBpcmVzSW4iOiIxZCIsImlhdCI6MTYzODM0MTYzMn0.klcYhCQSuqX0z7tAWmNIrMTMlkS-tMG18FlXUMrSduY',NULL,'2021-12-01 06:53:52'),(31,31,'platform','eyJhbGciOiJIUzI1NiIsInR5cCI6IkpXVCJ9.eyJkYXRhIjoiY295NWR5d0gyM0dQdHpjaFB2ZGs2Y0JIVTNEMVZNcy9UdUg0c3RNNEdZZFJqZFhIRlJGbTdrY0V3U0R4WVlWV0tDZVRVSS9lYlZLN2h5NE1GOFhpaFFLc2tXVU9hcVgvVS9WcCtndkNDdDg9IiwiYWxnb3JpdGhtIjoiSFMyNTYiLCJleHBpcmVzSW4iOiIxZCIsImlhdCI6MTYzODM0MzgzM30.hEKlyiKLIAqa-zUjW1ZgxhcwiRZNjIIkumlNPN9HzdU',NULL,'2021-12-01 07:30:33'),(32,32,'platform','eyJhbGciOiJIUzI1NiIsInR5cCI6IkpXVCJ9.eyJkYXRhIjoiY295NWR5d0gyM0dQdHpjaFB2ZGs2Y0JIVTNEMVZNcy9UdUg0c3RNNEdZZFJqZFhIRlJGbTdrY0V3U0R4WVlWV0tDZVRVSS9lYlZLN2h5NE1GOFhpaFFLc2tXVU9hcVgvVS9WcCtndkNDdDg9IiwiYWxnb3JpdGhtIjoiSFMyNTYiLCJleHBpcmVzSW4iOiIxZCIsImlhdCI6MTYzODM0NzIwOH0.TlPYBxFCd8HC6Hl7ba7IherIoM-kQWNDr81IvVOZmrA',NULL,'2021-12-01 08:26:48'),(33,33,'platform','eyJhbGciOiJIUzI1NiIsInR5cCI6IkpXVCJ9.eyJkYXRhIjoiY295NWR5d0gyM0dQdHpjaFB2ZGs2Y0JIVTNEMVZNcy9UdUg0c3RNNEdZZFJqZFhIRlJGbTdrY0V3U0R4WVlWV0tDZVRVSS9lYlZLN2h5NE1GOFhpaFFLc2tXVU9hcVgvVS9WcCtndkNDdDg9IiwiYWxnb3JpdGhtIjoiSFMyNTYiLCJleHBpcmVzSW4iOiIxZCIsImlhdCI6MTYzODM0NzIxMX0.vb_WeRVhd5xK9aS2Xg82c0-1O2YC8kxnIrjryr23X4k',NULL,'2021-12-01 08:26:51'),(34,34,'platform','eyJhbGciOiJIUzI1NiIsInR5cCI6IkpXVCJ9.eyJkYXRhIjoiRUhVSHpkaVozSTRIV3JKRk9pKzJkRkYwWExybjRwYWVOajJBSERIaVNrNGJaOGREMlVSQ1lQeWVSVDgvbWxYMVJaSzN6YTNWcHdrMzJxVmp5MjdLenRQSkpTdFpXaXhvM1YxMnNodEcwMzg9IiwiYWxnb3JpdGhtIjoiSFMyNTYiLCJleHBpcmVzSW4iOiIxZCIsImlhdCI6MTYzODM0OTU0OX0.ZI4pPS6ocYziuEvl3gYeQToVxCP_gnkO6Ew9Zhyvx44',NULL,'2021-12-01 09:05:49'),(35,35,'platform','eyJhbGciOiJIUzI1NiIsInR5cCI6IkpXVCJ9.eyJkYXRhIjoiRDNBMUdnN1FPU0JxYnRRdWo4R0xTSDB0S05CclZDUyswU3RMM2NYOXZPK0FxYjk4bDlrdzd6SG1IVkh6alpMeDdCWU1MbFg1SlB2SC9lMGVVaUhxSU1HYXpHcjFnL0hIZzE0VldpVmlDc2c9IiwiYWxnb3JpdGhtIjoiSFMyNTYiLCJleHBpcmVzSW4iOiIxZCIsImlhdCI6MTYzODM0OTY2OX0.tQ7TQAkzXPnxLFmH7SpNAkIbZFW5Sm6p6o-a-JK2KWk',NULL,'2021-12-01 09:07:49'),(36,36,'platform','eyJhbGciOiJIUzI1NiIsInR5cCI6IkpXVCJ9.eyJkYXRhIjoiRDNBMUdnN1FPU0JxYnRRdWo4R0xTSDB0S05CclZDUyswU3RMM2NYOXZPK0FxYjk4bDlrdzd6SG1IVkh6alpMeDdCWU1MbFg1SlB2SC9lMGVVaUhxSU1HYXpHcjFnL0hIZzE0VldpVmlDc2c9IiwiYWxnb3JpdGhtIjoiSFMyNTYiLCJleHBpcmVzSW4iOiIxZCIsImlhdCI6MTYzODM0OTY4Nn0.68f3wynkhw2XYOzaAQBp6Fytt6o1vaOtoZtaZIhp4P8',NULL,'2021-12-01 09:08:06'),(37,37,'platform','eyJhbGciOiJIUzI1NiIsInR5cCI6IkpXVCJ9.eyJkYXRhIjoiRUhVSHpkaVozSTRIV3JKRk9pKzJkRkYwWExybjRwYWVOajJBSERIaVNrNGJaOGREMlVSQ1lQeWVSVDgvbWxYMVJaSzN6YTNWcHdrMzJxVmp5MjdLenRQSkpTdFpXaXhvM1YxMnNodEcwMzg9IiwiYWxnb3JpdGhtIjoiSFMyNTYiLCJleHBpcmVzSW4iOiIxZCIsImlhdCI6MTYzODM0OTcyM30.B-bPYdukGZd9xElpr7hwqXFfGpAFTbdcP7vgHWjiIdU',NULL,'2021-12-01 09:08:43'),(38,38,'platform','eyJhbGciOiJIUzI1NiIsInR5cCI6IkpXVCJ9.eyJkYXRhIjoiY295NWR5d0gyM0dQdHpjaFB2ZGs2Y0JIVTNEMVZNcy9UdUg0c3RNNEdZZFJqZFhIRlJGbTdrY0V3U0R4WVlWV0tDZVRVSS9lYlZLN2h5NE1GOFhpaFFLc2tXVU9hcVgvVS9WcCtndkNDdDg9IiwiYWxnb3JpdGhtIjoiSFMyNTYiLCJleHBpcmVzSW4iOiIxZCIsImlhdCI6MTYzODM1MDI3Nn0.CYsn6UpujovpgtVD61XyNFhBZukUC4DgYV9xjiamblI',NULL,'2021-12-01 09:17:56'),(39,39,'platform','eyJhbGciOiJIUzI1NiIsInR5cCI6IkpXVCJ9.eyJkYXRhIjoiTkcrOWJhWGI0T3lEclZ6b2J5RWxFb1h6emdXV1JWQWU4SFBacjR3ZlhCeWN4M1cvTjl5bTNWTVBzOGFqZ0h3eFNrbVREWE5LVlYxakZLMURMUngrU0pTVUlrcWtaS255WmxZRC8wWlpvL1E9IiwiYWxnb3JpdGhtIjoiSFMyNTYiLCJleHBpcmVzSW4iOiIxZCIsImlhdCI6MTYzODM1MjEwMX0.7-xzi5zQOYrMSXSQx6x4xAvQ-Ci5Y8trstdc3N49B_w',NULL,'2021-12-01 09:48:21'),(40,40,'platform','eyJhbGciOiJIUzI1NiIsInR5cCI6IkpXVCJ9.eyJkYXRhIjoiY295NWR5d0gyM0dQdHpjaFB2ZGs2Y0JIVTNEMVZNcy9UdUg0c3RNNEdZZFJqZFhIRlJGbTdrY0V3U0R4WVlWV0tDZVRVSS9lYlZLN2h5NE1GOFhpaFFLc2tXVU9hcVgvVS9WcCtndkNDdDg9IiwiYWxnb3JpdGhtIjoiSFMyNTYiLCJleHBpcmVzSW4iOiIxZCIsImlhdCI6MTYzODM1MjY4MX0.eDingozT_y279Kcc-wTrdQG9iimAsCHkDuGfaDFssEc',NULL,'2021-12-01 09:58:01'),(41,41,'platform','eyJhbGciOiJIUzI1NiIsInR5cCI6IkpXVCJ9.eyJkYXRhIjoiY295NWR5d0gyM0dQdHpjaFB2ZGs2Y0JIVTNEMVZNcy9UdUg0c3RNNEdZZFJqZFhIRlJGbTdrY0V3U0R4WVlWV0tDZVRVSS9lYlZLN2h5NE1GOFhpaFFLc2tXVU9hcVgvVS9WcCtndkNDdDg9IiwiYWxnb3JpdGhtIjoiSFMyNTYiLCJleHBpcmVzSW4iOiIxZCIsImlhdCI6MTYzODM1MzkwM30.pTgP7Pg54vZZMI7etVr9eX_z5LZgxS5CIUuzMBIHGoc',NULL,'2021-12-01 10:18:23'),(42,42,'platform','eyJhbGciOiJIUzI1NiIsInR5cCI6IkpXVCJ9.eyJkYXRhIjoiY295NWR5d0gyM0dQdHpjaFB2ZGs2Y0JIVTNEMVZNcy9UdUg0c3RNNEdZZFJqZFhIRlJGbTdrY0V3U0R4WVlWV0tDZVRVSS9lYlZLN2h5NE1GOFhpaFFLc2tXVU9hcVgvVS9WcCtndkNDdDg9IiwiYWxnb3JpdGhtIjoiSFMyNTYiLCJleHBpcmVzSW4iOiIxZCIsImlhdCI6MTYzODM2MzQ1Nn0.yuwbU36YBsy9kRdnkAwPzHPHr1xX6L543IAkQiheJBg',NULL,'2021-12-01 12:57:36'),(43,43,'platform','eyJhbGciOiJIUzI1NiIsInR5cCI6IkpXVCJ9.eyJkYXRhIjoiY295NWR5d0gyM0dQdHpjaFB2ZGs2Y0JIVTNEMVZNcy9UdUg0c3RNNEdZZFJqZFhIRlJGbTdrY0V3U0R4WVlWV0tDZVRVSS9lYlZLN2h5NE1GOFhpaFFLc2tXVU9hcVgvVS9WcCtndkNDdDg9IiwiYWxnb3JpdGhtIjoiSFMyNTYiLCJleHBpcmVzSW4iOiIxZCIsImlhdCI6MTYzODM3MDg5Mn0.zkyI-EHLz7vRpPvwFhu9Z7dJR9PLjTur7CgMqj05fDA',NULL,'2021-12-01 15:01:32'),(44,44,'platform','eyJhbGciOiJIUzI1NiIsInR5cCI6IkpXVCJ9.eyJkYXRhIjoiY295NWR5d0gyM0dQdHpjaFB2ZGs2Y0JIVTNEMVZNcy9UdUg0c3RNNEdZZFJqZFhIRlJGbTdrY0V3U0R4WVlWV0tDZVRVSS9lYlZLN2h5NE1GOFhpaFFLc2tXVU9hcVgvVS9WcCtndkNDdDg9IiwiYWxnb3JpdGhtIjoiSFMyNTYiLCJleHBpcmVzSW4iOiIxZCIsImlhdCI6MTYzODQyNDY3OX0.moKMLZE8JG4QEEPL5Mj7aAssYYI8dR8ruX7S7oFI71k',NULL,'2021-12-02 05:57:59'),(45,45,'platform','eyJhbGciOiJIUzI1NiIsInR5cCI6IkpXVCJ9.eyJkYXRhIjoiY295NWR5d0gyM0dQdHpjaFB2ZGs2Y0JIVTNEMVZNcy9UdUg0c3RNNEdZZFJqZFhIRlJGbTdrY0V3U0R4WVlWV0tDZVRVSS9lYlZLN2h5NE1GOFhpaFFLc2tXVU9hcVgvVS9WcCtndkNDdDg9IiwiYWxnb3JpdGhtIjoiSFMyNTYiLCJleHBpcmVzSW4iOiIxZCIsImlhdCI6MTYzODQzMzA2OX0.TIHc-_rXfSh-jgSWtiCXlo602znJLTstYGHYOIddLpU',NULL,'2021-12-02 08:17:49'),(46,46,'platform','eyJhbGciOiJIUzI1NiIsInR5cCI6IkpXVCJ9.eyJkYXRhIjoiY295NWR5d0gyM0dQdHpjaFB2ZGs2Y0JIVTNEMVZNcy9UdUg0c3RNNEdZZFJqZFhIRlJGbTdrY0V3U0R4WVlWV0tDZVRVSS9lYlZLN2h5NE1GOFhpaFFLc2tXVU9hcVgvVS9WcCtndkNDdDg9IiwiYWxnb3JpdGhtIjoiSFMyNTYiLCJleHBpcmVzSW4iOiIxZCIsImlhdCI6MTYzODQzODEyNn0.8mWE7V_ceTTG15g9-8xTfTys7cxcyuWtsZBtNe3e1oo',NULL,'2021-12-02 09:42:06'),(47,47,'platform','eyJhbGciOiJIUzI1NiIsInR5cCI6IkpXVCJ9.eyJkYXRhIjoiY295NWR5d0gyM0dQdHpjaFB2ZGs2Y0JIVTNEMVZNcy9UdUg0c3RNNEdZZFJqZFhIRlJGbTdrY0V3U0R4WVlWV0tDZVRVSS9lYlZLN2h5NE1GOFhpaFFLc2tXVU9hcVgvVS9WcCtndkNDdDg9IiwiYWxnb3JpdGhtIjoiSFMyNTYiLCJleHBpcmVzSW4iOiIxZCIsImlhdCI6MTYzODQ0MzU2M30.uyxoWI6xAX7ficypxRJIJYaJKsKW7n_pJe0g71WUJcQ',NULL,'2021-12-02 11:12:43'),(48,48,'platform','eyJhbGciOiJIUzI1NiIsInR5cCI6IkpXVCJ9.eyJkYXRhIjoiY295NWR5d0gyM0dQdHpjaFB2ZGs2Y0JIVTNEMVZNcy9UdUg0c3RNNEdZZFJqZFhIRlJGbTdrY0V3U0R4WVlWV0tDZVRVSS9lYlZLN2h5NE1GOFhpaFFLc2tXVU9hcVgvVS9WcCtndkNDdDg9IiwiYWxnb3JpdGhtIjoiSFMyNTYiLCJleHBpcmVzSW4iOiIxZCIsImlhdCI6MTYzODQ1MTA4NX0.n8rWY5x1RyAJ4mRQl3O5-ejA40qG4-s8JjqNkU5KYeE',NULL,'2021-12-02 13:18:05'),(49,49,'platform','eyJhbGciOiJIUzI1NiIsInR5cCI6IkpXVCJ9.eyJkYXRhIjoiY295NWR5d0gyM0dQdHpjaFB2ZGs2Y0JIVTNEMVZNcy9UdUg0c3RNNEdZZFJqZFhIRlJGbTdrY0V3U0R4WVlWV0tDZVRVSS9lYlZLN2h5NE1GOFhpaFFLc2tXVU9hcVgvVS9WcCtndkNDdDg9IiwiYWxnb3JpdGhtIjoiSFMyNTYiLCJleHBpcmVzSW4iOiIxZCIsImlhdCI6MTYzODcwMzcwNn0.TMDjMSil_AFeBolHvvb3Pfv3S1zug8KIzY1xvGqRxGA',NULL,'2021-12-05 11:28:26'),(50,50,'platform','eyJhbGciOiJIUzI1NiIsInR5cCI6IkpXVCJ9.eyJkYXRhIjoiY295NWR5d0gyM0dQdHpjaFB2ZGs2Y0JIVTNEMVZNcy9UdUg0c3RNNEdZZFJqZFhIRlJGbTdrY0V3U0R4WVlWV0tDZVRVSS9lYlZLN2h5NE1GOFhpaFFLc2tXVU9hcVgvVS9WcCtndkNDdDg9IiwiYWxnb3JpdGhtIjoiSFMyNTYiLCJleHBpcmVzSW4iOiIxZCIsImlhdCI6MTYzODcwNTQ3N30.Ze8SMABHjgs4HWY1E9hBnGcTWcJVqY2F5ai6cqCdqzQ',NULL,'2021-12-05 11:57:57'),(51,51,'platform','eyJhbGciOiJIUzI1NiIsInR5cCI6IkpXVCJ9.eyJkYXRhIjoiY295NWR5d0gyM0dQdHpjaFB2ZGs2Y0JIVTNEMVZNcy9UdUg0c3RNNEdZZFJqZFhIRlJGbTdrY0V3U0R4WVlWV0tDZVRVSS9lYlZLN2h5NE1GOFhpaFFLc2tXVU9hcVgvVS9WcCtndkNDdDg9IiwiYWxnb3JpdGhtIjoiSFMyNTYiLCJleHBpcmVzSW4iOiIxZCIsImlhdCI6MTYzODcwNTQ5OX0.ILfzMtKbUDQR_1aq1uH1MvzEAbGrSfOCgoYMUTfqYWs',NULL,'2021-12-05 11:58:19'),(52,52,'platform','eyJhbGciOiJIUzI1NiIsInR5cCI6IkpXVCJ9.eyJkYXRhIjoiY295NWR5d0gyM0dQdHpjaFB2ZGs2Y0JIVTNEMVZNcy9UdUg0c3RNNEdZZFJqZFhIRlJGbTdrY0V3U0R4WVlWV0tDZVRVSS9lYlZLN2h5NE1GOFhpaFFLc2tXVU9hcVgvVS9WcCtndkNDdDg9IiwiYWxnb3JpdGhtIjoiSFMyNTYiLCJleHBpcmVzSW4iOiIxZCIsImlhdCI6MTYzODcwNjAyOH0.d4EZAhT0TKZiEHNvNPa7J0161h6Rz9A1p83bXlVId08',NULL,'2021-12-05 12:07:08'),(53,53,'platform','eyJhbGciOiJIUzI1NiIsInR5cCI6IkpXVCJ9.eyJkYXRhIjoiRDNBMUdnN1FPU0JxYnRRdWo4R0xTSDB0S05CclZDUyswU3RMM2NYOXZPK0FxYjk4bDlrdzd6SG1IVkh6alpMeDdCWU1MbFg1SlB2SC9lMGVVaUhxSU1HYXpHcjFnL0hIZzE0VldpVmlDc2c9IiwiYWxnb3JpdGhtIjoiSFMyNTYiLCJleHBpcmVzSW4iOiIxZCIsImlhdCI6MTYzODcxMDMyMH0.BiBjKNkPmsGs36uMO0-6NO_Urt79UN-a-X6TssxDFmg',NULL,'2021-12-05 13:18:40'),(54,54,'platform','eyJhbGciOiJIUzI1NiIsInR5cCI6IkpXVCJ9.eyJkYXRhIjoiY295NWR5d0gyM0dQdHpjaFB2ZGs2Y0JIVTNEMVZNcy9UdUg0c3RNNEdZZFJqZFhIRlJGbTdrY0V3U0R4WVlWV0tDZVRVSS9lYlZLN2h5NE1GOFhpaFFLc2tXVU9hcVgvVS9WcCtndkNDdDg9IiwiYWxnb3JpdGhtIjoiSFMyNTYiLCJleHBpcmVzSW4iOiIxZCIsImlhdCI6MTYzODc4NzQ0Nn0.Ef87A4HWpBGYSqA2PM8yvpox5Xko0dAv2V0aORJWj00',NULL,'2021-12-06 10:44:06'),(55,55,'platform','eyJhbGciOiJIUzI1NiIsInR5cCI6IkpXVCJ9.eyJkYXRhIjoiY295NWR5d0gyM0dQdHpjaFB2ZGs2Y0JIVTNEMVZNcy9UdUg0c3RNNEdZZFJqZFhIRlJGbTdrY0V3U0R4WVlWV0tDZVRVSS9lYlZLN2h5NE1GOFhpaFFLc2tXVU9hcVgvVS9WcCtndkNDdDg9IiwiYWxnb3JpdGhtIjoiSFMyNTYiLCJleHBpcmVzSW4iOiIxZCIsImlhdCI6MTYzODc4ODc1NH0.lvuLHontQrKxES92RToTAxk-SodKLPgFY3TpYMIw8o4',NULL,'2021-12-06 11:05:54'),(56,56,'platform','eyJhbGciOiJIUzI1NiIsInR5cCI6IkpXVCJ9.eyJkYXRhIjoiRUhVSHpkaVozSTRIV3JKRk9pKzJkRkYwWExybjRwYWVOajJBSERIaVNrNGJaOGREMlVSQ1lQeWVSVDgvbWxYMVJaSzN6YTNWcHdrMzJxVmp5MjdLenRQSkpTdFpXaXhvM1YxMnNodEcwMzg9IiwiYWxnb3JpdGhtIjoiSFMyNTYiLCJleHBpcmVzSW4iOiIxZCIsImlhdCI6MTYzODc4ODc2N30.HpHIUM5a9saEoVkZ887SrlImBw-cTwc8HYZUbwGeCU8',NULL,'2021-12-06 11:06:07'),(57,57,'platform','eyJhbGciOiJIUzI1NiIsInR5cCI6IkpXVCJ9.eyJkYXRhIjoiRUhVSHpkaVozSTRIV3JKRk9pKzJkRkYwWExybjRwYWVOajJBSERIaVNrNGJaOGREMlVSQ1lQeWVSVDgvbWxYMVJaSzN6YTNWcHdrMzJxVmp5MjdLenRQSkpTdFpXaXhvM1YxMnNodEcwMzg9IiwiYWxnb3JpdGhtIjoiSFMyNTYiLCJleHBpcmVzSW4iOiIxZCIsImlhdCI6MTYzODc4OTQ1MH0.3vMk4ImBl2TvQ46WWHAolVgosWdo2LH0DRMXmqbm9k4',NULL,'2021-12-06 11:17:30'),(58,58,'platform','eyJhbGciOiJIUzI1NiIsInR5cCI6IkpXVCJ9.eyJkYXRhIjoiY295NWR5d0gyM0dQdHpjaFB2ZGs2Y0JIVTNEMVZNcy9UdUg0c3RNNEdZZFJqZFhIRlJGbTdrY0V3U0R4WVlWV0tDZVRVSS9lYlZLN2h5NE1GOFhpaFFLc2tXVU9hcVgvVS9WcCtndkNDdDg9IiwiYWxnb3JpdGhtIjoiSFMyNTYiLCJleHBpcmVzSW4iOiIxZCIsImlhdCI6MTYzODc5MDk3M30.0kUpF69DF_GRsFeEEMtXDp5mpawzNtKwstvnn-sBM1o',NULL,'2021-12-06 11:42:53'),(59,59,'platform','eyJhbGciOiJIUzI1NiIsInR5cCI6IkpXVCJ9.eyJkYXRhIjoiY295NWR5d0gyM0dQdHpjaFB2ZGs2Y0JIVTNEMVZNcy9UdUg0c3RNNEdZZFJqZFhIRlJGbTdrY0V3U0R4WVlWV0tDZVRVSS9lYlZLN2h5NE1GOFhpaFFLc2tXVU9hcVgvVS9WcCtndkNDdDg9IiwiYWxnb3JpdGhtIjoiSFMyNTYiLCJleHBpcmVzSW4iOiIxZCIsImlhdCI6MTYzODc5MTgyM30.BttQUwgDcaHTDZJBOsuBEY33SS1vP8-Z9DfrRUr_tlQ',NULL,'2021-12-06 11:57:03'),(60,60,'platform','eyJhbGciOiJIUzI1NiIsInR5cCI6IkpXVCJ9.eyJkYXRhIjoiRUhVSHpkaVozSTRIV3JKRk9pKzJkRkYwWExybjRwYWVOajJBSERIaVNrNGJaOGREMlVSQ1lQeWVSVDgvbWxYMVJaSzN6YTNWcHdrMzJxVmp5MjdLenRQSkpTdFpXaXhvM1YxMnNodEcwMzg9IiwiYWxnb3JpdGhtIjoiSFMyNTYiLCJleHBpcmVzSW4iOiIxZCIsImlhdCI6MTYzODc5MzAwMH0.nBJRTQngJaXp0eDTwnGcPR_6CjGvCl40tP84d8sNkTk',NULL,'2021-12-06 12:16:40'),(61,61,'platform','eyJhbGciOiJIUzI1NiIsInR5cCI6IkpXVCJ9.eyJkYXRhIjoiY295NWR5d0gyM0dQdHpjaFB2ZGs2Y0JIVTNEMVZNcy9UdUg0c3RNNEdZZFJqZFhIRlJGbTdrY0V3U0R4WVlWV0tDZVRVSS9lYlZLN2h5NE1GOFhpaFFLc2tXVU9hcVgvVS9WcCtndkNDdDg9IiwiYWxnb3JpdGhtIjoiSFMyNTYiLCJleHBpcmVzSW4iOiIxZCIsImlhdCI6MTYzODk0ODc4Mn0.tNojPgk4G19JSKcDJvr9LhWR6ruKIYWPWkIHw0h6Zaw',NULL,'2021-12-08 07:33:02'),(62,62,'platform','eyJhbGciOiJIUzI1NiIsInR5cCI6IkpXVCJ9.eyJkYXRhIjoiY295NWR5d0gyM0dQdHpjaFB2ZGs2Y0JIVTNEMVZNcy9UdUg0c3RNNEdZZFJqZFhIRlJGbTdrY0V3U0R4WVlWV0tDZVRVSS9lYlZLN2h5NE1GOFhpaFFLc2tXVU9hcVgvVS9WcCtndkNDdDg9IiwiYWxnb3JpdGhtIjoiSFMyNTYiLCJleHBpcmVzSW4iOiIxZCIsImlhdCI6MTYzODk1NDE0MX0.g4mRG1eRkxOLvDnHpchnW23ho06P_46QmqKMWqAdDMo',NULL,'2021-12-08 09:02:21'),(63,63,'platform','eyJhbGciOiJIUzI1NiIsInR5cCI6IkpXVCJ9.eyJkYXRhIjoiY295NWR5d0gyM0dQdHpjaFB2ZGs2Y0JIVTNEMVZNcy9UdUg0c3RNNEdZZFJqZFhIRlJGbTdrY0V3U0R4WVlWV0tDZVRVSS9lYlZLN2h5NE1GOFhpaFFLc2tXVU9hcVgvVS9WcCtndkNDdDg9IiwiYWxnb3JpdGhtIjoiSFMyNTYiLCJleHBpcmVzSW4iOiIxZCIsImlhdCI6MTYzODk1ODM3M30.wcauCb2amvzV8kleas10rer8FFc1mu26YRTkPaMVoPs',NULL,'2021-12-08 10:12:53'),(64,64,'platform','eyJhbGciOiJIUzI1NiIsInR5cCI6IkpXVCJ9.eyJkYXRhIjoiY295NWR5d0gyM0dQdHpjaFB2ZGs2Y0JIVTNEMVZNcy9UdUg0c3RNNEdZZFJqZFhIRlJGbTdrY0V3U0R4WVlWV0tDZVRVSS9lYlZLN2h5NE1GOFhpaFFLc2tXVU9hcVgvVS9WcCtndkNDdDg9IiwiYWxnb3JpdGhtIjoiSFMyNTYiLCJleHBpcmVzSW4iOiIxZCIsImlhdCI6MTYzODk2MjkxOX0.ZizUEQCQ5N-fHt0hkcClziA7n7pGbP6UtdreFpijU9Q',NULL,'2021-12-08 11:28:39'),(65,65,'platform','eyJhbGciOiJIUzI1NiIsInR5cCI6IkpXVCJ9.eyJkYXRhIjoiY295NWR5d0gyM0dQdHpjaFB2ZGs2Y0JIVTNEMVZNcy9UdUg0c3RNNEdZZFJqZFhIRlJGbTdrY0V3U0R4WVlWV0tDZVRVSS9lYlZLN2h5NE1GOFhpaFFLc2tXVU9hcVgvVS9WcCtndkNDdDg9IiwiYWxnb3JpdGhtIjoiSFMyNTYiLCJleHBpcmVzSW4iOiIxZCIsImlhdCI6MTYzODk2Mzc0MH0.9zCi16YECvKqzTfPE7rE3M13Z6CD00_AWXTzPTm1CtY',NULL,'2021-12-08 11:42:20'),(66,66,'platform','eyJhbGciOiJIUzI1NiIsInR5cCI6IkpXVCJ9.eyJkYXRhIjoiY295NWR5d0gyM0dQdHpjaFB2ZGs2Y0JIVTNEMVZNcy9UdUg0c3RNNEdZZFJqZFhIRlJGbTdrY0V3U0R4WVlWV0tDZVRVSS9lYlZLN2h5NE1GOFhpaFFLc2tXVU9hcVgvVS9WcCtndkNDdDg9IiwiYWxnb3JpdGhtIjoiSFMyNTYiLCJleHBpcmVzSW4iOiIxZCIsImlhdCI6MTYzODk2NTE2MX0.vY_C_pcXNyeHJE_853shiIY9LvxRZ8JnMkf7ttLpI4I',NULL,'2021-12-08 12:06:01'),(67,67,'platform','eyJhbGciOiJIUzI1NiIsInR5cCI6IkpXVCJ9.eyJkYXRhIjoiY295NWR5d0gyM0dQdHpjaFB2ZGs2Y0JIVTNEMVZNcy9UdUg0c3RNNEdZZFJqZFhIRlJGbTdrY0V3U0R4WVlWV0tDZVRVSS9lYlZLN2h5NE1GOFhpaFFLc2tXVU9hcVgvVS9WcCtndkNDdDg9IiwiYWxnb3JpdGhtIjoiSFMyNTYiLCJleHBpcmVzSW4iOiIxZCIsImlhdCI6MTYzODk2OTY1OH0.h1L7H76m0Q3jqQbuuMPiv1wjhtbYqHmHBce3IOpd9bs',NULL,'2021-12-08 13:20:58'),(68,68,'platform','eyJhbGciOiJIUzI1NiIsInR5cCI6IkpXVCJ9.eyJkYXRhIjoiRDNBMUdnN1FPU0JxYnRRdWo4R0xTSDB0S05CclZDUyswU3RMM2NYOXZPK0FxYjk4bDlrdzd6SG1IVkh6alpMeDdCWU1MbFg1SlB2SC9lMGVVaUhxSU1HYXpHcjFnL0hIZzE0VldpVmlDc2c9IiwiYWxnb3JpdGhtIjoiSFMyNTYiLCJleHBpcmVzSW4iOiIxZCIsImlhdCI6MTYzODk3MjA4MX0.zlZ9rsVQDdPQ0DvilEDFGd4LUpAF38zOdlroWvutSsQ',NULL,'2021-12-08 14:01:21'),(69,69,'platform','eyJhbGciOiJIUzI1NiIsInR5cCI6IkpXVCJ9.eyJkYXRhIjoiY295NWR5d0gyM0dQdHpjaFB2ZGs2Y0JIVTNEMVZNcy9UdUg0c3RNNEdZZFJqZFhIRlJGbTdrY0V3U0R4WVlWV0tDZVRVSS9lYlZLN2h5NE1GOFhpaFFLc2tXVU9hcVgvVS9WcCtndkNDdDg9IiwiYWxnb3JpdGhtIjoiSFMyNTYiLCJleHBpcmVzSW4iOiIxZCIsImlhdCI6MTYzODk3Mjk2NX0.NK1ADLDN2qs2OQJqsfB7pcSEF_eG-FoSSuKcMt9v0qI',NULL,'2021-12-08 14:16:05'),(70,70,'platform','eyJhbGciOiJIUzI1NiIsInR5cCI6IkpXVCJ9.eyJkYXRhIjoiTkcrOWJhWGI0T3lEclZ6b2J5RWxFb1h6emdXV1JWQWU4SFBacjR3ZlhCeWN4M1cvTjl5bTNWTVBzOGFqZ0h3eFNrbVREWE5LVlYxakZLMURMUngrU0pTVUlrcWtaS255WmxZRC8wWlpvL1E9IiwiYWxnb3JpdGhtIjoiSFMyNTYiLCJleHBpcmVzSW4iOiIxZCIsImlhdCI6MTYzODk3MzMyNH0.cC1FS78aqaZdu4GZXZhV42UMuRMAOLHVqBKwQxYyhdM',NULL,'2021-12-08 14:22:04'),(71,71,'platform','eyJhbGciOiJIUzI1NiIsInR5cCI6IkpXVCJ9.eyJkYXRhIjoiRDNBMUdnN1FPU0JxYnRRdWo4R0xTSDB0S05CclZDUyswU3RMM2NYOXZPK0FxYjk4bDlrdzd6SG1IVkh6alpMeDdCWU1MbFg1SlB2SC9lMGVVaUhxSU1HYXpHcjFnL0hIZzE0VldpVmlDc2c9IiwiYWxnb3JpdGhtIjoiSFMyNTYiLCJleHBpcmVzSW4iOiIxZCIsImlhdCI6MTYzODk3NTY3MH0.rcUolD5iUQ2kfuyBK86Jeh0_EO69IN5iwaBtlHqycx4',NULL,'2021-12-08 15:01:10'),(72,72,'platform','eyJhbGciOiJIUzI1NiIsInR5cCI6IkpXVCJ9.eyJkYXRhIjoiY295NWR5d0gyM0dQdHpjaFB2ZGs2Y0JIVTNEMVZNcy9UdUg0c3RNNEdZZFJqZFhIRlJGbTdrY0V3U0R4WVlWV0tDZVRVSS9lYlZLN2h5NE1GOFhpaFFLc2tXVU9hcVgvVS9WcCtndkNDdDg9IiwiYWxnb3JpdGhtIjoiSFMyNTYiLCJleHBpcmVzSW4iOiIxZCIsImlhdCI6MTYzOTAzNzQ0Nn0.P6J8sacJktmkXpH5rJwGcX_HEXkac2s4oTLCQwKQETQ',NULL,'2021-12-09 08:10:46'),(73,73,'platform','eyJhbGciOiJIUzI1NiIsInR5cCI6IkpXVCJ9.eyJkYXRhIjoiY295NWR5d0gyM0dQdHpjaFB2ZGs2Y0JIVTNEMVZNcy9UdUg0c3RNNEdZZFJqZFhIRlJGbTdrY0V3U0R4WVlWV0tDZVRVSS9lYlZLN2h5NE1GOFhpaFFLc2tXVU9hcVgvVS9WcCtndkNDdDg9IiwiYWxnb3JpdGhtIjoiSFMyNTYiLCJleHBpcmVzSW4iOiIxZCIsImlhdCI6MTYzOTA0MjUwNn0.NwdGx27YQYlJreseps4jbMmdFjieuk3RlHtzEBgKVqg',NULL,'2021-12-09 09:35:06'),(74,74,'platform','eyJhbGciOiJIUzI1NiIsInR5cCI6IkpXVCJ9.eyJkYXRhIjoiY295NWR5d0gyM0dQdHpjaFB2ZGs2Y0JIVTNEMVZNcy9UdUg0c3RNNEdZZFJqZFhIRlJGbTdrY0V3U0R4WVlWV0tDZVRVSS9lYlZLN2h5NE1GOFhpaFFLc2tXVU9hcVgvVS9WcCtndkNDdDg9IiwiYWxnb3JpdGhtIjoiSFMyNTYiLCJleHBpcmVzSW4iOiIxZCIsImlhdCI6MTYzOTA1MDIxOH0.MVE7E3GyX5nwwv9nxR4DgMMaLawFIZHjumPJEkhwOXU',NULL,'2021-12-09 11:43:38'),(75,75,'platform','eyJhbGciOiJIUzI1NiIsInR5cCI6IkpXVCJ9.eyJkYXRhIjoiY295NWR5d0gyM0dQdHpjaFB2ZGs2Y0JIVTNEMVZNcy9UdUg0c3RNNEdZZFJqZFhIRlJGbTdrY0V3U0R4WVlWV0tDZVRVSS9lYlZLN2h5NE1GOFhpaFFLc2tXVU9hcVgvVS9WcCtndkNDdDg9IiwiYWxnb3JpdGhtIjoiSFMyNTYiLCJleHBpcmVzSW4iOiIxZCIsImlhdCI6MTYzOTA1OTY1NH0.eUm5u_Lmf3xeqV-uPEk54baJLDTJ5lNV53nC9h9P0ps',NULL,'2021-12-09 14:20:54'),(76,76,'platform','eyJhbGciOiJIUzI1NiIsInR5cCI6IkpXVCJ9.eyJkYXRhIjoiWlY1ZXRpV1ljQUFlSUxoSm5GWUNSQjhNZEJPaE5aUE5iWm9uc1BnWmFqZ3A2QkFQeTdNcXZmN1Rjc0pJUWN0WnVNWXRLYjR6VnVYZC9aYU41bEY3UHZyS042d2VNVTgwL1lPR1lnaS9adVE9IiwiYWxnb3JpdGhtIjoiSFMyNTYiLCJleHBpcmVzSW4iOiIxZCIsImlhdCI6MTYzOTA2MDE5NX0.EHbgrIQ3tFhIO9_sef1CPz9Ld082jzp6EIypapZ3JIQ',NULL,'2021-12-09 14:29:55'),(77,77,'platform','eyJhbGciOiJIUzI1NiIsInR5cCI6IkpXVCJ9.eyJkYXRhIjoiNHB1QUpqaFF2Vnc4WDFPQlNxWlMwSUFpOUc0UVhGYlM2UmFPakhJeEU4QzJaSnFjZEJlUURnd2RKN2E3c3FldlovTld0N2kzeVBkK09IYWpsRTF4V3crdFY1Wk1TVHl5ZEZaRjNjQnFjL289IiwiYWxnb3JpdGhtIjoiSFMyNTYiLCJleHBpcmVzSW4iOiIxZCIsImlhdCI6MTYzOTA2MDc0MX0.uMn1d7B_r4-_CmW-0mrg1swclzPytVneDYoT9cqMckY',NULL,'2021-12-09 14:39:01'),(78,78,'platform','eyJhbGciOiJIUzI1NiIsInR5cCI6IkpXVCJ9.eyJkYXRhIjoiY295NWR5d0gyM0dQdHpjaFB2ZGs2Y0JIVTNEMVZNcy9UdUg0c3RNNEdZZFJqZFhIRlJGbTdrY0V3U0R4WVlWV0tDZVRVSS9lYlZLN2h5NE1GOFhpaFFLc2tXVU9hcVgvVS9WcCtndkNDdDg9IiwiYWxnb3JpdGhtIjoiSFMyNTYiLCJleHBpcmVzSW4iOiIxZCIsImlhdCI6MTYzOTA2MzgxM30.6HxOtP8GbDN5iyFtLphepVmSr772UPKxP2YVEHnjlPQ',NULL,'2021-12-09 15:30:13'),(79,79,'platform','eyJhbGciOiJIUzI1NiIsInR5cCI6IkpXVCJ9.eyJkYXRhIjoiNHB1QUpqaFF2Vnc4WDFPQlNxWlMwSUFpOUc0UVhGYlM2UmFPakhJeEU4QzJaSnFjZEJlUURnd2RKN2E3c3FldlovTld0N2kzeVBkK09IYWpsRTF4V3crdFY1Wk1TVHl5ZEZaRjNjQnFjL289IiwiYWxnb3JpdGhtIjoiSFMyNTYiLCJleHBpcmVzSW4iOiIxZCIsImlhdCI6MTYzOTA2NTMyM30.t9RJnDaR58hwVWtBsec_FMlC_Jr64Jcvw_5vBNpqJe4',NULL,'2021-12-09 15:55:23'),(80,80,'platform','eyJhbGciOiJIUzI1NiIsInR5cCI6IkpXVCJ9.eyJkYXRhIjoicGNpMFNtZzNIWXlPLytvZ1A5bGJXak5EV3Vackt3enhjcVhPMDNwRmoyeUJWRGRlS052ZHhpRjZFMzF5WFk4dyt5cmI1SGZxQmFLOG9TTEMwTFN2d0tSQ2YvNVZQbnJxKzQxKy9Xd3p5YkE9IiwiYWxnb3JpdGhtIjoiSFMyNTYiLCJleHBpcmVzSW4iOiIxZCIsImlhdCI6MTYzOTA2NTUwMX0.RsN7mTBAcNoAOdNaMloLHYZoD0cC6IsqDXIahbVWUTQ',NULL,'2021-12-09 15:58:21'),(81,81,'platform','eyJhbGciOiJIUzI1NiIsInR5cCI6IkpXVCJ9.eyJkYXRhIjoiVWV1QU9uQmhNQitjaDBlTW1Yd1dhT2VJQmpJZlRmb1I3QXF3WFBtS29rWjZmUFVWcG5HOVdMVmc3UVUvOS83VktWSlV1K3V2NFNuQ24vRU5yL3NVM1ZwOWp0WS9GTXlINkx1c1JZSjI2TE09IiwiYWxnb3JpdGhtIjoiSFMyNTYiLCJleHBpcmVzSW4iOiIxZCIsImlhdCI6MTYzOTI5MjA2MX0.IST1K2jgKWIA0VQ77fLpfQ5xzVGoLgPCoyf2VMLk3Yk',NULL,'2021-12-12 06:54:21'),(82,82,'platform','eyJhbGciOiJIUzI1NiIsInR5cCI6IkpXVCJ9.eyJkYXRhIjoiY295NWR5d0gyM0dQdHpjaFB2ZGs2Y0JIVTNEMVZNcy9UdUg0c3RNNEdZZFJqZFhIRlJGbTdrY0V3U0R4WVlWV0tDZVRVSS9lYlZLN2h5NE1GOFhpaFFLc2tXVU9hcVgvVS9WcCtndkNDdDg9IiwiYWxnb3JpdGhtIjoiSFMyNTYiLCJleHBpcmVzSW4iOiIxZCIsImlhdCI6MTYzOTI5MjExOH0.js6oiIDDcpeRfmHgjs3Dzt6on-lHsuK_EA9pE25LGtE',NULL,'2021-12-12 06:55:18'),(83,83,'platform','eyJhbGciOiJIUzI1NiIsInR5cCI6IkpXVCJ9.eyJkYXRhIjoicGNpMFNtZzNIWXlPLytvZ1A5bGJXak5EV3Vackt3enhjcVhPMDNwRmoyeUJWRGRlS052ZHhpRjZFMzF5WFk4dyt5cmI1SGZxQmFLOG9TTEMwTFN2d0tSQ2YvNVZQbnJxKzQxKy9Xd3p5YkE9IiwiYWxnb3JpdGhtIjoiSFMyNTYiLCJleHBpcmVzSW4iOiIxZCIsImlhdCI6MTYzOTI5NDA5NX0.0SDCX-BXLo4jM8a5dsJaEOGjCSUKXRszFLqzEsRBWzE',NULL,'2021-12-12 07:28:15'),(84,84,'platform','eyJhbGciOiJIUzI1NiIsInR5cCI6IkpXVCJ9.eyJkYXRhIjoiVWV1QU9uQmhNQitjaDBlTW1Yd1dhT2VJQmpJZlRmb1I3QXF3WFBtS29rWjZmUFVWcG5HOVdMVmc3UVUvOS83VktWSlV1K3V2NFNuQ24vRU5yL3NVM1ZwOWp0WS9GTXlINkx1c1JZSjI2TE09IiwiYWxnb3JpdGhtIjoiSFMyNTYiLCJleHBpcmVzSW4iOiIxZCIsImlhdCI6MTYzOTI5NDE1OX0.9UL439JWEYiikDVTy91zmn22E60thdO1VpXBcmok1h0',NULL,'2021-12-12 07:29:19'),(85,85,'platform','eyJhbGciOiJIUzI1NiIsInR5cCI6IkpXVCJ9.eyJkYXRhIjoiRDNBMUdnN1FPU0JxYnRRdWo4R0xTSDB0S05CclZDUyswU3RMM2NYOXZPK0FxYjk4bDlrdzd6SG1IVkh6alpMeDdCWU1MbFg1SlB2SC9lMGVVaUhxSU1HYXpHcjFnL0hIZzE0VldpVmlDc2c9IiwiYWxnb3JpdGhtIjoiSFMyNTYiLCJleHBpcmVzSW4iOiIxZCIsImlhdCI6MTYzOTMwMzk2OX0.Tgs7_4K_X17bpBr9NzekqZShMieqATn5YSpLjP3FNgs',NULL,'2021-12-12 10:12:49'),(86,86,'platform','eyJhbGciOiJIUzI1NiIsInR5cCI6IkpXVCJ9.eyJkYXRhIjoiRDNBMUdnN1FPU0JxYnRRdWo4R0xTSDB0S05CclZDUyswU3RMM2NYOXZPK0FxYjk4bDlrdzd6SG1IVkh6alpMeDdCWU1MbFg1SlB2SC9lMGVVaUhxSU1HYXpHcjFnL0hIZzE0VldpVmlDc2c9IiwiYWxnb3JpdGhtIjoiSFMyNTYiLCJleHBpcmVzSW4iOiIxZCIsImlhdCI6MTYzOTMwNDYzOH0.VQnKKYsS3TVO3y3u09o5ehQWUCYk1bNETkcOKT8Pnig',NULL,'2021-12-12 10:23:58'),(87,87,'platform','eyJhbGciOiJIUzI1NiIsInR5cCI6IkpXVCJ9.eyJkYXRhIjoiTkcrOWJhWGI0T3lEclZ6b2J5RWxFb1h6emdXV1JWQWU4SFBacjR3ZlhCeWN4M1cvTjl5bTNWTVBzOGFqZ0h3eFNrbVREWE5LVlYxakZLMURMUngrU0pTVUlrcWtaS255WmxZRC8wWlpvL1E9IiwiYWxnb3JpdGhtIjoiSFMyNTYiLCJleHBpcmVzSW4iOiIxZCIsImlhdCI6MTYzOTMwNDY1MX0.CgN0WCca5Mm8f1OiMdVGQpyLb3GFZjNqCM8nmP3T3zY',NULL,'2021-12-12 10:24:11'),(88,88,'platform','eyJhbGciOiJIUzI1NiIsInR5cCI6IkpXVCJ9.eyJkYXRhIjoiRDNBMUdnN1FPU0JxYnRRdWo4R0xTSDB0S05CclZDUyswU3RMM2NYOXZPK0FxYjk4bDlrdzd6SG1IVkh6alpMeDdCWU1MbFg1SlB2SC9lMGVVaUhxSU1HYXpHcjFnL0hIZzE0VldpVmlDc2c9IiwiYWxnb3JpdGhtIjoiSFMyNTYiLCJleHBpcmVzSW4iOiIxZCIsImlhdCI6MTYzOTM3NzM4Mn0.wmzzDF4Adc0p7rkXRW9IPzGoS3ybpavkCw6V1v0Vcyo',NULL,'2021-12-13 06:36:22'),(89,89,'platform','eyJhbGciOiJIUzI1NiIsInR5cCI6IkpXVCJ9.eyJkYXRhIjoiVWV1QU9uQmhNQitjaDBlTW1Yd1dhT2VJQmpJZlRmb1I3QXF3WFBtS29rWjZmUFVWcG5HOVdMVmc3UVUvOS83VktWSlV1K3V2NFNuQ24vRU5yL3NVM1ZwOWp0WS9GTXlINkx1c1JZSjI2TE09IiwiYWxnb3JpdGhtIjoiSFMyNTYiLCJleHBpcmVzSW4iOiIxZCIsImlhdCI6MTYzOTM5NTU0OX0.0wbO7pTSbc7IpWJip6JaRIVNBJWxbqCBHHixnsgw4mk',NULL,'2021-12-13 11:39:09'),(90,90,'platform','eyJhbGciOiJIUzI1NiIsInR5cCI6IkpXVCJ9.eyJkYXRhIjoiVWV1QU9uQmhNQitjaDBlTW1Yd1dhT2VJQmpJZlRmb1I3QXF3WFBtS29rWjZmUFVWcG5HOVdMVmc3UVUvOS83VktWSlV1K3V2NFNuQ24vRU5yL3NVM1ZwOWp0WS9GTXlINkx1c1JZSjI2TE09IiwiYWxnb3JpdGhtIjoiSFMyNTYiLCJleHBpcmVzSW4iOiIxZCIsImlhdCI6MTYzOTM5NzgzOH0.Uur8CyE6UHqV1sAnKmQNyOerDMWrMQzI1pi86EbpBKU',NULL,'2021-12-13 12:17:18'),(91,91,'platform','eyJhbGciOiJIUzI1NiIsInR5cCI6IkpXVCJ9.eyJkYXRhIjoiTkcrOWJhWGI0T3lEclZ6b2J5RWxFc2lNandldkEwRXZLZDUvRnFJZDFGSnQxWllIUllQdk43VnlRR3FlQmErbFNCRGd3MTUwdGl0V0J1YWZtNUVKOFE9PSIsImFsZ29yaXRobSI6IkhTMjU2IiwiZXhwaXJlc0luIjoiMWQiLCJpYXQiOjE2MzkzOTkwNTN9.8hPXJwmdl8o3Lmh-hnYXDpoFpehDPI3l1pynhuUaOj8',NULL,'2021-12-13 12:37:33'),(92,92,'platform','eyJhbGciOiJIUzI1NiIsInR5cCI6IkpXVCJ9.eyJkYXRhIjoiY295NWR5d0gyM0dQdHpjaFB2ZGs2Y0JIVTNEMVZNcy9UdUg0c3RNNEdZZFJqZFhIRlJGbTdrY0V3U0R4WVlWV0tDZVRVSS9lYlZLN2h5NE1GOFhpaFFLc2tXVU9hcVgvVS9WcCtndkNDdDg9IiwiYWxnb3JpdGhtIjoiSFMyNTYiLCJleHBpcmVzSW4iOiIxZCIsImlhdCI6MTYzOTQ2ODAwMX0.OhjzFk6qOr0b2yYtVYVxL03wi-qOcWllFMiT7HRY3nI',NULL,'2021-12-14 07:46:41'),(93,93,'platform','eyJhbGciOiJIUzI1NiIsInR5cCI6IkpXVCJ9.eyJkYXRhIjoiaHRReTlJZzNjVzNWaDJ2QTdQRnRUOGh5V1hGa1J0aitRTjRJeHNiYnlhSHFBN3VoeUo5eW9pUm0yYVc4QzJpWG0vSm9IQ1N5MUN6akthNkFTQWFWVVJUZGlxYWVneWlCUlI4RjloREc1alU9IiwiYWxnb3JpdGhtIjoiSFMyNTYiLCJleHBpcmVzSW4iOiIxZCIsImlhdCI6MTYzOTQ4MDg5Mn0.hGNxhAJ_spvVWzfzh2xS2IvQI9ilmPq9eLnPGmnZvqc',NULL,'2021-12-14 11:21:32'),(94,94,'platform','eyJhbGciOiJIUzI1NiIsInR5cCI6IkpXVCJ9.eyJkYXRhIjoiaHRReTlJZzNjVzNWaDJ2QTdQRnRUOGh5V1hGa1J0aitRTjRJeHNiYnlhSHFBN3VoeUo5eW9pUm0yYVc4QzJpWG0vSm9IQ1N5MUN6akthNkFTQWFWVVJUZGlxYWVneWlCUlI4RjloREc1alU9IiwiYWxnb3JpdGhtIjoiSFMyNTYiLCJleHBpcmVzSW4iOiIxZCIsImlhdCI6MTYzOTQ4MTExOH0.6LtDHwS9zyG-e8Txh5q-oD66xnPCmVKiOcZXeDbpxTo',NULL,'2021-12-14 11:25:18'),(95,95,'platform','eyJhbGciOiJIUzI1NiIsInR5cCI6IkpXVCJ9.eyJkYXRhIjoiaHRReTlJZzNjVzNWaDJ2QTdQRnRUOGh5V1hGa1J0aitRTjRJeHNiYnlhSHFBN3VoeUo5eW9pUm0yYVc4QzJpWG0vSm9IQ1N5MUN6akthNkFTQWFWVVJUZGlxYWVneWlCUlI4RjloREc1alU9IiwiYWxnb3JpdGhtIjoiSFMyNTYiLCJleHBpcmVzSW4iOiIxZCIsImlhdCI6MTYzOTU1NDAxMH0.NdwjsUG6eqUAb36LfCmKkdKazM7feaM8juUntCZDuF4',NULL,'2021-12-15 07:40:10'),(96,96,'platform','eyJhbGciOiJIUzI1NiIsInR5cCI6IkpXVCJ9.eyJkYXRhIjoiY295NWR5d0gyM0dQdHpjaFB2ZGs2Y0JIVTNEMVZNcy9UdUg0c3RNNEdZZFJqZFhIRlJGbTdrY0V3U0R4WVlWV0tDZVRVSS9lYlZLN2h5NE1GOFhpaFFLc2tXVU9hcVgvVS9WcCtndkNDdDg9IiwiYWxnb3JpdGhtIjoiSFMyNTYiLCJleHBpcmVzSW4iOiIxZCIsImlhdCI6MTYzOTU2MDExN30.e3zDYlpWyfPERzveGR6ZyvYUQprw471isvdquse5_tM',NULL,'2021-12-15 09:21:57'),(97,97,'platform','eyJhbGciOiJIUzI1NiIsInR5cCI6IkpXVCJ9.eyJkYXRhIjoiY295NWR5d0gyM0dQdHpjaFB2ZGs2Y0JIVTNEMVZNcy9UdUg0c3RNNEdZZFJqZFhIRlJGbTdrY0V3U0R4WVlWV0tDZVRVSS9lYlZLN2h5NE1GOFhpaFFLc2tXVU9hcVgvVS9WcCtndkNDdDg9IiwiYWxnb3JpdGhtIjoiSFMyNTYiLCJleHBpcmVzSW4iOiIxZCIsImlhdCI6MTYzOTU2MDI3OH0.xOoRmhhB9-69Ei757umNg8bwx4GV0frMD7fXbqt2b8g',NULL,'2021-12-15 09:24:38'),(98,98,'platform','eyJhbGciOiJIUzI1NiIsInR5cCI6IkpXVCJ9.eyJkYXRhIjoiRDNBMUdnN1FPU0JxYnRRdWo4R0xTSDB0S05CclZDUyswU3RMM2NYOXZPK0FxYjk4bDlrdzd6SG1IVkh6alpMeDdCWU1MbFg1SlB2SC9lMGVVaUhxSU1HYXpHcjFnL0hIZzE0VldpVmlDc2c9IiwiYWxnb3JpdGhtIjoiSFMyNTYiLCJleHBpcmVzSW4iOiIxZCIsImlhdCI6MTYzOTU2OTA3OX0.SWOcNj4cI24nS0Qub898yBiUbspG1rZUQiu-90yIpfk',NULL,'2021-12-15 11:51:19'),(99,99,'platform','eyJhbGciOiJIUzI1NiIsInR5cCI6IkpXVCJ9.eyJkYXRhIjoiaHRReTlJZzNjVzNWaDJ2QTdQRnRUOGh5V1hGa1J0aitRTjRJeHNiYnlhSHFBN3VoeUo5eW9pUm0yYVc4QzJpWG0vSm9IQ1N5MUN6akthNkFTQWFWVVJUZGlxYWVneWlCUlI4RjloREc1alU9IiwiYWxnb3JpdGhtIjoiSFMyNTYiLCJleHBpcmVzSW4iOiIxZCIsImlhdCI6MTYzOTU3MzAxNX0.3ZBji40pgFmUFh2eNY2i6a52YU_LAPPVgx6VrynfbY0',NULL,'2021-12-15 12:56:55'),(100,100,'platform','eyJhbGciOiJIUzI1NiIsInR5cCI6IkpXVCJ9.eyJkYXRhIjoiRDNBMUdnN1FPU0JxYnRRdWo4R0xTSDB0S05CclZDUyswU3RMM2NYOXZPK0FxYjk4bDlrdzd6SG1IVkh6alpMeDdCWU1MbFg1SlB2SC9lMGVVaUhxSU1HYXpHcjFnL0hIZzE0VldpVmlDc2c9IiwiYWxnb3JpdGhtIjoiSFMyNTYiLCJleHBpcmVzSW4iOiIxZCIsImlhdCI6MTYzOTU3MzczNH0.eILHtqcH3sJL8_GPSwhgJiT9QpzGqG1drCWJtlS8gmA',NULL,'2021-12-15 13:08:54'),(101,101,'platform','eyJhbGciOiJIUzI1NiIsInR5cCI6IkpXVCJ9.eyJkYXRhIjoiY295NWR5d0gyM0dQdHpjaFB2ZGs2Y0JIVTNEMVZNcy9UdUg0c3RNNEdZZFJqZFhIRlJGbTdrY0V3U0R4WVlWV0tDZVRVSS9lYlZLN2h5NE1GOFhpaFFLc2tXVU9hcVgvVS9WcCtndkNDdDg9IiwiYWxnb3JpdGhtIjoiSFMyNTYiLCJleHBpcmVzSW4iOiIxZCIsImlhdCI6MTYzOTU3NDA3MX0.awTQCt4CMTxuhwpUUBYuAex3aJM3p30ApYt5-CNlvpc',NULL,'2021-12-15 13:14:31'),(102,102,'platform','eyJhbGciOiJIUzI1NiIsInR5cCI6IkpXVCJ9.eyJkYXRhIjoiaHRReTlJZzNjVzNWaDJ2QTdQRnRUOGh5V1hGa1J0aitRTjRJeHNiYnlhSHFBN3VoeUo5eW9pUm0yYVc4QzJpWG0vSm9IQ1N5MUN6akthNkFTQWFWVVJUZGlxYWVneWlCUlI4RjloREc1alU9IiwiYWxnb3JpdGhtIjoiSFMyNTYiLCJleHBpcmVzSW4iOiIxZCIsImlhdCI6MTYzOTU3NDQwN30.SR2hxLlpV7PBVjhXXrXSFZD9t7ixkmGwCdZ-KaOCLKk',NULL,'2021-12-15 13:20:07'),(103,103,'platform','eyJhbGciOiJIUzI1NiIsInR5cCI6IkpXVCJ9.eyJkYXRhIjoiaHRReTlJZzNjVzNWaDJ2QTdQRnRUOGh5V1hGa1J0aitRTjRJeHNiYnlhSHFBN3VoeUo5eW9pUm0yYVc4QzJpWG0vSm9IQ1N5MUN6akthNkFTQWFWVVJUZGlxYWVneWlCUlI4RjloREc1alU9IiwiYWxnb3JpdGhtIjoiSFMyNTYiLCJleHBpcmVzSW4iOiIxZCIsImlhdCI6MTYzOTU3NDQxMH0.EbSNG9f-LZzy5VRSkALW-zPwS6hc5wjeVPuIrv1w91c',NULL,'2021-12-15 13:20:10'),(104,104,'platform','eyJhbGciOiJIUzI1NiIsInR5cCI6IkpXVCJ9.eyJkYXRhIjoiY295NWR5d0gyM0dQdHpjaFB2ZGs2Y0JIVTNEMVZNcy9UdUg0c3RNNEdZZFJqZFhIRlJGbTdrY0V3U0R4WVlWV0tDZVRVSS9lYlZLN2h5NE1GOFhpaFFLc2tXVU9hcVgvVS9WcCtndkNDdDg9IiwiYWxnb3JpdGhtIjoiSFMyNTYiLCJleHBpcmVzSW4iOiIxZCIsImlhdCI6MTYzOTU3NDUwM30.j5ewNdm7ywpgdTAb6cUq3GeNSkg2FwNJz0iyTRIp5nM',NULL,'2021-12-15 13:21:43'),(105,105,'platform','eyJhbGciOiJIUzI1NiIsInR5cCI6IkpXVCJ9.eyJkYXRhIjoiRDNBMUdnN1FPU0JxYnRRdWo4R0xTSDB0S05CclZDUyswU3RMM2NYOXZPK0FxYjk4bDlrdzd6SG1IVkh6alpMeDdCWU1MbFg1SlB2SC9lMGVVaUhxSU1HYXpHcjFnL0hIZzE0VldpVmlDc2c9IiwiYWxnb3JpdGhtIjoiSFMyNTYiLCJleHBpcmVzSW4iOiIxZCIsImlhdCI6MTYzOTU3ODIwMH0.IJMmWISXEndMa3UHiNP6tcC25lkb-FZa3OJhkeZwnZ0',NULL,'2021-12-15 14:23:21'),(106,106,'platform','eyJhbGciOiJIUzI1NiIsInR5cCI6IkpXVCJ9.eyJkYXRhIjoiY295NWR5d0gyM0dQdHpjaFB2ZGs2Y0JIVTNEMVZNcy9UdUg0c3RNNEdZZFJqZFhIRlJGbTdrY0V3U0R4WVlWV0tDZVRVSS9lYlZLN2h5NE1GOFhpaFFLc2tXVU9hcVgvVS9WcCtndkNDdDg9IiwiYWxnb3JpdGhtIjoiSFMyNTYiLCJleHBpcmVzSW4iOiIxZCIsImlhdCI6MTYzOTU4Mjc5Nn0.LWMXHJqn3Xgz0RsNbruUrLfL4BtAscmRVkS9wfvUh6Y',NULL,'2021-12-15 15:39:56'),(107,107,'platform','eyJhbGciOiJIUzI1NiIsInR5cCI6IkpXVCJ9.eyJkYXRhIjoiaHRReTlJZzNjVzNWaDJ2QTdQRnRUOGh5V1hGa1J0aitRTjRJeHNiYnlhSHFBN3VoeUo5eW9pUm0yYVc4QzJpWG0vSm9IQ1N5MUN6akthNkFTQWFWVVJUZGlxYWVneWlCUlI4RjloREc1alU9IiwiYWxnb3JpdGhtIjoiSFMyNTYiLCJleHBpcmVzSW4iOiIxZCIsImlhdCI6MTYzOTU4Mjk0MX0.wOIkZFVqCxYJUPVftgovILnqOkRde--ggFoX1lyO-yA',NULL,'2021-12-15 15:42:21'),(108,108,'platform','eyJhbGciOiJIUzI1NiIsInR5cCI6IkpXVCJ9.eyJkYXRhIjoiY295NWR5d0gyM0dQdHpjaFB2ZGs2Y0JIVTNEMVZNcy9UdUg0c3RNNEdZZFJqZFhIRlJGbTdrY0V3U0R4WVlWV0tDZVRVSS9lYlZLN2h5NE1GOFhpaFFLc2tXVU9hcVgvVS9WcCtndkNDdDg9IiwiYWxnb3JpdGhtIjoiSFMyNTYiLCJleHBpcmVzSW4iOiIxZCIsImlhdCI6MTYzOTU4NjY3M30.puKocoMtm0Pp4ktA1qRi--UB14ftaa--xCUVcWya7XA',NULL,'2021-12-15 16:44:33'),(109,109,'platform','eyJhbGciOiJIUzI1NiIsInR5cCI6IkpXVCJ9.eyJkYXRhIjoiRDNBMUdnN1FPU0JxYnRRdWo4R0xTSDB0S05CclZDUyswU3RMM2NYOXZPK0FxYjk4bDlrdzd6SG1IVkh6alpMeDdCWU1MbFg1SlB2SC9lMGVVaUhxSU1HYXpHcjFnL0hIZzE0VldpVmlDc2c9IiwiYWxnb3JpdGhtIjoiSFMyNTYiLCJleHBpcmVzSW4iOiIxZCIsImlhdCI6MTYzOTYzOTQ2MX0.guAUfVPyaSJa4tlynPBm5ju8kyEkM6eFm3byRi7luC4',NULL,'2021-12-16 07:24:21'),(110,110,'platform','eyJhbGciOiJIUzI1NiIsInR5cCI6IkpXVCJ9.eyJkYXRhIjoiY295NWR5d0gyM0dQdHpjaFB2ZGs2Y0JIVTNEMVZNcy9UdUg0c3RNNEdZZFJqZFhIRlJGbTdrY0V3U0R4WVlWV0tDZVRVSS9lYlZLN2h5NE1GOFhpaFFLc2tXVU9hcVgvVS9WcCtndkNDdDg9IiwiYWxnb3JpdGhtIjoiSFMyNTYiLCJleHBpcmVzSW4iOiIxZCIsImlhdCI6MTYzOTY0MDE5NX0.Fqmn6fhw4Zkdv7IUW5jL7GbrQvnrn2hV-Xf6JM2jnZ8',NULL,'2021-12-16 07:36:35'),(111,111,'platform','eyJhbGciOiJIUzI1NiIsInR5cCI6IkpXVCJ9.eyJkYXRhIjoiRDNBMUdnN1FPU0JxYnRRdWo4R0xTSDB0S05CclZDUyswU3RMM2NYOXZPK0FxYjk4bDlrdzd6SG1IVkh6alpMeDdCWU1MbFg1SlB2SC9lMGVVaUhxSU1HYXpHcjFnL0hIZzE0VldpVmlDc2c9IiwiYWxnb3JpdGhtIjoiSFMyNTYiLCJleHBpcmVzSW4iOiIxZCIsImlhdCI6MTYzOTY0MTI2N30.RJGn8VKj6gomA-qpLYgmORqKDfa9kltfFVOL1U18msM',NULL,'2021-12-16 07:54:27');
/*!40000 ALTER TABLE `token` ENABLE KEYS */;
UNLOCK TABLES;

--
-- Table structure for table `user`
--

DROP TABLE IF EXISTS `user`;
/*!40101 SET @saved_cs_client     = @@character_set_client */;
/*!50503 SET character_set_client = utf8mb4 */;
CREATE TABLE `user` (
  `id` int unsigned NOT NULL AUTO_INCREMENT,
  `level_id` int unsigned NOT NULL,
  `company_id` int unsigned DEFAULT NULL,
  `uuid` varchar(36) NOT NULL,
  `username` varchar(255) NOT NULL,
  `password` varchar(255) NOT NULL,
  `name` varchar(255) NOT NULL,
  `position` varchar(255) DEFAULT NULL,
  `email` varchar(255) NOT NULL,
  `avatar` text,
  `phone` json DEFAULT NULL,
  `full_phone` varchar(45) DEFAULT NULL,
  `device_id` varchar(255) DEFAULT NULL,
  `device_os` varchar(255) DEFAULT NULL,
  `last_login_at` timestamp NULL DEFAULT NULL,
  `connection_count` int NOT NULL DEFAULT '0',
  `is_active` tinyint NOT NULL DEFAULT '1',
  `created_at` timestamp NOT NULL DEFAULT CURRENT_TIMESTAMP,
  `updated_at` timestamp NOT NULL DEFAULT CURRENT_TIMESTAMP ON UPDATE CURRENT_TIMESTAMP,
  PRIMARY KEY (`id`),
  UNIQUE KEY `uuid_UNIQUE` (`uuid`),
  KEY `fk_user_level_idx` (`level_id`),
  KEY `fk_user_company1_idx` (`company_id`),
  CONSTRAINT `fk_user_company1` FOREIGN KEY (`company_id`) REFERENCES `company` (`id`),
  CONSTRAINT `fk_user_level` FOREIGN KEY (`level_id`) REFERENCES `level` (`id`)
) ENGINE=InnoDB AUTO_INCREMENT=124 DEFAULT CHARSET=utf8mb3;
/*!40101 SET character_set_client = @saved_cs_client */;

--
-- Dumping data for table `user`
--

LOCK TABLES `user` WRITE;
/*!40000 ALTER TABLE `user` DISABLE KEYS */;
INSERT INTO `user` VALUES (1,1,1,'ca1bb400-4d2c-11ec-8f4c-10e7c6179426','ehilel','ef797c8118f02dfb649607dd5d3f8c7623048c9c063d532cc95c5ed7a898a64f','Eliyahu Hillel',NULL,'ehilel@makor-capital.com','https://image.pngaaa.com/419/263419-middle.png','{\"number\": \"0523446441\", \"dialing_code\": \"972\"}',NULL,NULL,NULL,'2021-12-16 07:36:35',54,1,'2021-11-24 13:45:30','2021-12-16 07:36:35'),(2,1,NULL,'ca1cf711-4d2c-11ec-8f4c-10e7c6179426','yhaouzi','ef797c8118f02dfb649607dd5d3f8c7623048c9c063d532cc95c5ed7a898a64f','Yedidia Haouzi',NULL,'yhaouzi@makor-capital.com','https://image.pngaaa.com/419/263419-middle.png','{\"number\": \"\", \"dialing_code\": \"\"}',NULL,NULL,NULL,'2021-12-09 15:55:23',2,1,'2021-11-24 13:45:30','2021-12-09 15:55:23'),(3,1,NULL,'ca1dc03f-4d2c-11ec-8f4c-10e7c6179426','brefaeli','ef797c8118f02dfb649607dd5d3f8c7623048c9c063d532cc95c5ed7a898a64f','Bar Refaeli',NULL,'barrefaeli32@gmail.com','https://image.pngaaa.com/419/263419-middle.png','{\"number\": \"\", \"dialing_code\": \"\"}',NULL,NULL,NULL,'2021-12-09 14:29:55',1,1,'2021-11-24 13:45:30','2021-12-09 14:29:55'),(4,1,NULL,'ca1e7769-4d2c-11ec-8f4c-10e7c6179426','orusaev','ef797c8118f02dfb649607dd5d3f8c7623048c9c063d532cc95c5ed7a898a64f','Ofek Rusaev',NULL,'orusaev@makor-capital.com','https://image.pngaaa.com/419/263419-middle.png','{\"number\": \"0548792596\", \"dialing_code\": \"972\"}',NULL,NULL,NULL,'2021-12-13 12:17:18',4,1,'2021-11-24 13:45:30','2021-12-13 12:17:18'),(5,1,NULL,'ca1f1584-4d2c-11ec-8f4c-10e7c6179426','nvolf','ef797c8118f02dfb649607dd5d3f8c7623048c9c063d532cc95c5ed7a898a64f','Natalia Volf',NULL,'nvolf@makor-capital.com','https://image.pngaaa.com/419/263419-middle.png','{\"number\": \"\", \"dialing_code\": \"\"}',NULL,NULL,NULL,NULL,0,1,'2021-11-24 13:45:30','2021-11-24 13:45:30'),(6,1,NULL,'ca1faf9e-4d2c-11ec-8f4c-10e7c6179426','rjojishvili','ef797c8118f02dfb649607dd5d3f8c7623048c9c063d532cc95c5ed7a898a64f','Rusudan Jojishvili',NULL,'rjojishvili@makor-capital.com','https://image.pngaaa.com/419/263419-middle.png','{\"number\": \"\", \"dialing_code\": \"\"}',NULL,NULL,NULL,NULL,0,1,'2021-11-24 13:45:30','2021-11-24 13:45:30'),(7,1,NULL,'ca205130-4d2c-11ec-8f4c-10e7c6179426','okatz','ef797c8118f02dfb649607dd5d3f8c7623048c9c063d532cc95c5ed7a898a64f','Ori Kovacsi Katz',NULL,'okatz@makor-capital.com','https://image.pngaaa.com/419/263419-middle.png','{\"number\": \"\", \"dialing_code\": \"\"}',NULL,NULL,NULL,'2021-12-12 07:28:15',2,1,'2021-11-24 13:45:30','2021-12-12 07:28:15'),(8,1,NULL,'ca20f429-4d2c-11ec-8f4c-10e7c6179426','kgoncharov','ef797c8118f02dfb649607dd5d3f8c7623048c9c063d532cc95c5ed7a898a64f','Konstantin Goncharov',NULL,'kgoncharov@makor-capital.com','https://image.pngaaa.com/419/263419-middle.png','{\"number\": \"\", \"dialing_code\": \"\"}',NULL,NULL,NULL,NULL,0,1,'2021-11-24 13:45:30','2021-11-24 13:45:30'),(9,4,NULL,'ca2199da-4d2c-11ec-8f4c-10e7c6179426','statarinova','ef797c8118f02dfb649607dd5d3f8c7623048c9c063d532cc95c5ed7a898a64fv','Sofiia Tatarinova',NULL,'statarinova@makor-capital.com','https://image.pngaaa.com/419/263419-middle.png','{\"number\": \"\", \"dialing_code\": \"\"}',NULL,NULL,NULL,NULL,0,1,'2021-11-24 13:45:30','2021-12-12 10:22:39'),(10,1,NULL,'ca223ae7-4d2c-11ec-8f4c-10e7c6179426','hgossels','ef797c8118f02dfb649607dd5d3f8c7623048c9c063d532cc95c5ed7a898a64f','Hadar Gossels',NULL,'hgossels@makor-capital.com','https://image.pngaaa.com/419/263419-middle.png','{\"number\": \"\", \"dialing_code\": \"\"}',NULL,NULL,NULL,NULL,0,1,'2021-11-24 13:45:30','2021-11-24 13:45:30'),(11,1,NULL,'ca22e05b-4d2c-11ec-8f4c-10e7c6179426','ldotan','ef797c8118f02dfb649607dd5d3f8c7623048c9c063d532cc95c5ed7a898a64f','Lily Dotan',NULL,'ldotan@makor-capital.com','https://image.pngaaa.com/419/263419-middle.png','{\"number\": \"\", \"dialing_code\": \"\"}',NULL,NULL,NULL,NULL,0,1,'2021-11-24 13:45:30','2021-11-24 13:45:30'),(12,2,NULL,'ca2381eb-4d2c-11ec-8f4c-10e7c6179426','lasis','ef797c8118f02dfb649607dd5d3f8c7623048c9c063d532cc95c5ed7a898a64f','Lizy Asis',NULL,'lasis@makor-capital.com','https://image.pngaaa.com/419/263419-middle.png','{\"number\": \"\", \"dialing_code\": \"\"}',NULL,NULL,NULL,'2021-12-06 12:16:40',5,1,'2021-11-24 13:45:30','2021-12-12 10:23:08'),(13,1,NULL,'ca242228-4d2c-11ec-8f4c-10e7c6179426','ybar','ef797c8118f02dfb649607dd5d3f8c7623048c9c063d532cc95c5ed7a898a64f','Yisrael Bar',NULL,'ybar@makor-capital.com','https://image.pngaaa.com/419/263419-middle.png','{\"number\": \"0523558539\", \"dialing_code\": \"972\"}',NULL,NULL,NULL,NULL,0,1,'2021-11-24 13:45:30','2021-11-24 13:45:30'),(14,1,NULL,'ca24c4c2-4d2c-11ec-8f4c-10e7c6179426','ofek_be','ef797c8118f02dfb649607dd5d3f8c7623048c9c063d532cc95c5ed7a898a64f','Ofek Be',NULL,'orusaev@makor-capital.com','https://image.pngaaa.com/419/263419-middle.png','{\"number\": \"0548792596\", \"dialing_code\": \"972\"}',NULL,NULL,NULL,NULL,0,1,'2021-11-24 13:45:30','2021-11-24 13:45:30'),(15,1,NULL,'ca25690d-4d2c-11ec-8f4c-10e7c6179426','statarinova','ef797c8118f02dfb649607dd5d3f8c7623048c9c063d532cc95c5ed7a898a64f','Sofiia Tatarinova',NULL,'statarinova@makor-capital.com','https://image.pngaaa.com/419/263419-middle.png','{\"number\": \"\", \"dialing_code\": \"\"}',NULL,NULL,NULL,'2021-12-16 07:54:27',27,1,'2021-11-24 13:45:30','2021-12-16 07:54:27'),(16,1,NULL,'ca2603c7-4d2c-11ec-8f4c-10e7c6179426','nlister','ef797c8118f02dfb649607dd5d3f8c7623048c9c063d532cc95c5ed7a898a64f','Neria Lister',NULL,'nlister@makor-capital.com','https://image.pngaaa.com/419/263419-middle.png','{\"number\": \"\", \"dialing_code\": \"\"}',NULL,NULL,NULL,'2021-12-15 15:42:21',7,1,'2021-11-24 13:45:30','2021-12-15 15:42:21'),(17,1,NULL,'ca269fd0-4d2c-11ec-8f4c-10e7c6179426','smayzel','ef797c8118f02dfb649607dd5d3f8c7623048c9c063d532cc95c5ed7a898a64f','Shahar Mayzel',NULL,'smayzel@makor-capital.com','https://image.pngaaa.com/419/263419-middle.png','{\"number\": \"\", \"dialing_code\": \"\"}',NULL,NULL,NULL,NULL,0,1,'2021-11-24 13:45:30','2021-11-24 13:45:30'),(18,1,NULL,'ca274533-4d2c-11ec-8f4c-10e7c6179426','amoshaev','ef797c8118f02dfb649607dd5d3f8c7623048c9c063d532cc95c5ed7a898a64f','Arzu Moshaev',NULL,'amoshaev@makor-capital.com','https://image.pngaaa.com/419/263419-middle.png','{\"number\": \"\", \"dialing_code\": \"\"}',NULL,NULL,NULL,NULL,0,1,'2021-11-24 13:45:30','2021-11-24 13:45:30'),(19,1,NULL,'ca27f544-4d2c-11ec-8f4c-10e7c6179426','ryakovy','ef797c8118f02dfb649607dd5d3f8c7623048c9c063d532cc95c5ed7a898a64f','Rony Yakovy',NULL,'ryakovy@makor-capital.com','https://image.pngaaa.com/419/263419-middle.png','{\"number\": \"\", \"dialing_code\": \"\"}',NULL,NULL,NULL,NULL,0,1,'2021-11-24 13:45:30','2021-11-24 13:45:30'),(20,3,86,'95ad9c89-4d2e-11ec-8f4c-10e7c6179426','mtal-socher','ef797c8118f02dfb649607dd5d3f8c7623048c9c063d532cc95c5ed7a898a64f','Michal Tal-Socher',NULL,'mtal-socher@makor-capital.com','https://image.pngaaa.com/419/263419-middle.png','{\"number\": \"\", \"dialing_code\": \"\"}',NULL,NULL,NULL,'2021-12-13 12:37:33',9,1,'2021-11-24 13:58:21','2021-12-13 12:37:33'),(21,3,37,'a94a6d6b-52ad-11ec-9663-9c7bef452e53','string','FqmDQ','string','string','user@example.com',NULL,NULL,NULL,NULL,NULL,NULL,0,1,'2021-12-01 13:50:36','2021-12-01 13:50:36'),(22,3,38,'9f2ff5d8-52ae-11ec-9663-9c7bef452e53','string','vNWaq','string','string','user@example.com',NULL,NULL,NULL,NULL,NULL,NULL,0,1,'2021-12-01 13:57:29','2021-12-01 13:57:29'),(23,3,39,'ae3f9787-52ae-11ec-9663-9c7bef452e53','string','AiCmB','string','string','user@example.com',NULL,NULL,NULL,NULL,NULL,NULL,0,1,'2021-12-01 13:57:54','2021-12-01 13:57:54'),(24,3,40,'92efbe8b-52af-11ec-9663-9c7bef452e53','string','5iwbi','string','string','user@example.com',NULL,NULL,NULL,NULL,NULL,NULL,0,1,'2021-12-01 14:04:17','2021-12-01 14:04:17'),(25,3,41,'5410548b-52b1-11ec-9663-9c7bef452e53','string','R3YwH','string','string','user@example.com',NULL,NULL,NULL,NULL,NULL,NULL,0,1,'2021-12-01 14:16:51','2021-12-01 14:16:51'),(26,3,42,'b690bdd3-52b1-11ec-9663-9c7bef452e53','string','GgnAU','string','string','user@example.com',NULL,NULL,NULL,NULL,NULL,NULL,0,1,'2021-12-01 14:19:36','2021-12-01 14:19:36'),(27,3,43,'ba446408-52b1-11ec-9663-9c7bef452e53','string','0L4Ak','string','string','user@example.com',NULL,NULL,NULL,NULL,NULL,NULL,0,1,'2021-12-01 14:19:42','2021-12-01 14:19:42'),(28,3,44,'de2172bc-52b1-11ec-9663-9c7bef452e53','string','2QWjC','string','string','user@example.com',NULL,NULL,NULL,NULL,NULL,NULL,0,1,'2021-12-01 14:20:43','2021-12-01 14:20:43'),(29,3,45,'c0edccfa-52b4-11ec-9663-9c7bef452e53','string','eV8gk','string','string','user@example.com',NULL,NULL,NULL,NULL,NULL,NULL,0,1,'2021-12-01 14:41:22','2021-12-01 14:41:22'),(30,3,46,'ced206b4-52b4-11ec-9663-9c7bef452e53','string','Sm5yh','string','string','user@example.com',NULL,NULL,NULL,NULL,NULL,NULL,0,1,'2021-12-01 14:41:45','2021-12-01 14:41:45'),(31,3,47,'0887d2b0-52b5-11ec-9663-9c7bef452e53','string','OI6iF','string','string','user@example.com',NULL,NULL,NULL,NULL,NULL,NULL,0,1,'2021-12-01 14:43:22','2021-12-01 14:43:22'),(32,3,48,'4101326c-52b5-11ec-9663-9c7bef452e53','string','Ule4k','string','string','user@example.com',NULL,NULL,NULL,NULL,NULL,NULL,0,1,'2021-12-01 14:44:57','2021-12-01 14:44:57'),(33,3,49,'61145f4b-52b5-11ec-9663-9c7bef452e53','string','v9qTM','string','string','user@example.com',NULL,NULL,NULL,NULL,NULL,NULL,0,1,'2021-12-01 14:45:51','2021-12-01 14:45:51'),(34,3,50,'772e2dee-52b5-11ec-9663-9c7bef452e53','string','mzM1O','string','string','user@example.com',NULL,NULL,NULL,NULL,NULL,NULL,0,1,'2021-12-01 14:46:28','2021-12-01 14:46:28'),(35,3,51,'87c1c34e-52b6-11ec-9663-9c7bef452e53','string','5FK4I','string','string','user@example.com',NULL,NULL,NULL,NULL,NULL,NULL,0,1,'2021-12-01 14:54:05','2021-12-01 14:54:05'),(36,3,52,'9b659255-52b6-11ec-9663-9c7bef452e53','string','WruLJ','string','string','user@example.com',NULL,NULL,NULL,NULL,NULL,NULL,0,1,'2021-12-01 14:54:38','2021-12-01 14:54:38'),(37,3,53,'a249b2ae-52b6-11ec-9663-9c7bef452e53','string','BLk41','string','string','user@example.com',NULL,NULL,NULL,NULL,NULL,NULL,0,1,'2021-12-01 14:54:50','2021-12-01 14:54:50'),(38,3,54,'b95efc35-52b6-11ec-9663-9c7bef452e53','string','PUNEt','string','string','user@example.com',NULL,NULL,NULL,NULL,NULL,NULL,0,1,'2021-12-01 14:55:28','2021-12-01 14:55:28'),(39,3,55,'e70c6784-52b7-11ec-9663-9c7bef452e53','David','CDMuy','David','string','user@example.com',NULL,NULL,NULL,NULL,NULL,NULL,0,1,'2021-12-01 15:03:55','2021-12-01 15:03:55'),(40,5,56,'b8b6718a-534c-11ec-9663-9c7bef452e53','string','8Hcta','string','string','user@example.com',NULL,NULL,NULL,NULL,NULL,NULL,0,1,'2021-12-02 08:49:12','2021-12-02 08:49:12'),(41,5,57,'d2cd6a70-534c-11ec-9663-9c7bef452e53','string','2qBwS','string','string','user@example.com',NULL,NULL,NULL,NULL,NULL,NULL,0,1,'2021-12-02 08:49:56','2021-12-02 08:49:56'),(42,5,58,'5739034b-534f-11ec-9663-9c7bef452e53','string','mgxI5','string','string','user@example.com',NULL,NULL,NULL,NULL,NULL,NULL,0,1,'2021-12-02 09:07:57','2021-12-02 09:07:57'),(43,5,59,'5f5d9866-534f-11ec-9663-9c7bef452e53','string','4Odd0','string','string','user@example.com',NULL,NULL,NULL,NULL,NULL,NULL,0,1,'2021-12-02 09:08:10','2021-12-02 09:08:10'),(44,3,70,'7eedb499-5359-11ec-9663-9c7bef452e53','string','BBXDd','string','string','user@example.com',NULL,NULL,NULL,NULL,NULL,NULL,0,1,'2021-12-02 10:20:38','2021-12-02 10:20:38'),(45,3,71,'a8566687-5359-11ec-9663-9c7bef452e53','string','oBOB0','string','string','user@example.com',NULL,NULL,NULL,NULL,NULL,NULL,0,1,'2021-12-02 10:21:48','2021-12-02 10:21:48'),(46,3,72,'fdddca82-5359-11ec-9663-9c7bef452e53','michal','Gmf3n','michal','dev','michal@gmail.com',NULL,NULL,NULL,NULL,NULL,NULL,0,1,'2021-12-02 10:24:11','2021-12-02 10:24:11'),(47,3,73,'e9d7c1c2-535b-11ec-9663-9c7bef452e53','Ruthy','rG0ST','Ruthy','physician','ruthy@gmail.com',NULL,NULL,NULL,NULL,NULL,NULL,0,1,'2021-12-02 10:37:57','2021-12-02 10:37:57'),(48,3,74,'f1b45fc5-535f-11ec-9663-9c7bef452e53','Ortal','MuBMA','Ortal','ceo','ortal@gmail.com',NULL,NULL,NULL,NULL,NULL,NULL,0,1,'2021-12-02 11:06:48','2021-12-02 11:06:48'),(49,3,75,'61af892b-5360-11ec-9663-9c7bef452e53','string','NAK20','string','string','user@example.com',NULL,NULL,NULL,NULL,NULL,NULL,0,1,'2021-12-02 11:09:56','2021-12-02 11:09:56'),(50,4,53,'e5fb5aeb-536d-11ec-9663-9c7bef452e53','john doe','f8ed4617bc4f30198da0e75ca5d6440fccc954de3ac13a079c78e872ceb4a65a','ortal test','CTO','user@example.com',NULL,'{\"number\": \"0523558539\", \"dialing_code\": \"972\"}',NULL,NULL,NULL,NULL,0,1,'2021-12-02 12:46:41','2021-12-02 12:46:41'),(51,3,76,'5351b7f7-537b-11ec-9663-9c7bef452e53','string','1ULO9','string','string','user@example.com',NULL,NULL,NULL,NULL,NULL,NULL,0,1,'2021-12-02 14:22:48','2021-12-02 14:22:48'),(52,3,77,'54735a03-537b-11ec-9663-9c7bef452e53','string','tLX7D','string','string','user@example.com',NULL,NULL,NULL,NULL,NULL,NULL,0,1,'2021-12-02 14:22:50','2021-12-02 14:22:50'),(53,3,78,'f0d866b6-5385-11ec-9663-9c7bef452e53','string','W1lo2','string','string','user@example.com',NULL,NULL,NULL,NULL,NULL,NULL,0,1,'2021-12-02 15:38:47','2021-12-02 15:38:47'),(54,3,79,'2990f5ee-5386-11ec-9663-9c7bef452e53','Liat','Epbk5','Liat','sales','Liat@gmail.com',NULL,NULL,NULL,NULL,NULL,NULL,0,1,'2021-12-02 15:40:22','2021-12-02 15:40:22'),(55,3,79,'2991e84e-5386-11ec-9663-9c7bef452e53','Lidor','w66nS','Lidor','sales','lidor@gmail.com',NULL,NULL,NULL,NULL,NULL,NULL,0,1,'2021-12-02 15:40:22','2021-12-02 15:40:22'),(56,3,80,'8b94f741-5386-11ec-9663-9c7bef452e53','Adam','faiPO','Adam','sorter','adam@gmail.com',NULL,NULL,NULL,NULL,NULL,NULL,0,1,'2021-12-02 15:43:07','2021-12-02 15:43:07'),(57,3,80,'8b9594bc-5386-11ec-9663-9c7bef452e53','Eve','I4C58','Eve','starter','eve@gmail.com',NULL,NULL,NULL,NULL,NULL,NULL,0,1,'2021-12-02 15:43:07','2021-12-02 15:43:07'),(58,3,81,'1c81e5a6-5389-11ec-9663-9c7bef452e53','Alfi','t4Kfy','Alfi','sales','alfi@gmail.com',NULL,NULL,NULL,NULL,NULL,NULL,0,1,'2021-12-02 16:01:29','2021-12-02 16:01:29'),(59,3,82,'5efc0039-538a-11ec-9663-9c7bef452e53','Michal','lFTOn','Michal','sales','michal@gmail',NULL,NULL,NULL,NULL,NULL,NULL,0,1,'2021-12-02 16:10:30','2021-12-02 16:10:30'),(60,3,4,'46b4732a-5598-11ec-9663-9c7bef452e53','john doe','8082f04d1e1eb280b0103e28391ea04b2cf56d5d7adbef3fbcb4a61cfe3b59fa','changed','CTO','user@example.com',NULL,'{\"number\": \"0523558539\", \"dialing_code\": \"972\"}',NULL,NULL,NULL,NULL,0,1,'2021-12-05 06:55:05','2021-12-05 07:03:27'),(61,3,1,'4b6ef81c-5598-11ec-9663-9c7bef452e53','john doe','c34ba57dfc08147373e3ad644082b13c538f6b85c18ba577d99de04518836f54','john doe','CTO','user@example.com',NULL,'{\"number\": \"0523558539\", \"dialing_code\": \"972\"}',NULL,NULL,NULL,NULL,0,0,'2021-12-05 06:55:13','2021-12-05 06:56:25'),(62,3,83,'0c8202d8-55c4-11ec-9663-9c7bef452e53','ortal_member','Incqn','ortal_member','string','user@example.com',NULL,NULL,NULL,NULL,NULL,NULL,0,1,'2021-12-05 12:08:25','2021-12-05 12:08:25'),(63,3,84,'83e31aab-55c4-11ec-9663-9c7bef452e53','ortal_member','nM1b8','ortal_member','string','user@example.com',NULL,NULL,NULL,NULL,NULL,NULL,0,1,'2021-12-05 12:11:45','2021-12-05 12:11:45'),(64,3,85,'a1bae6f9-55c8-11ec-9663-9c7bef452e53','michal','Uy2S9','michal','devops','michal@gmail.com',NULL,NULL,NULL,NULL,NULL,NULL,0,1,'2021-12-05 12:41:13','2021-12-05 12:41:13'),(65,3,86,'2b051b7f-55cc-11ec-9663-9c7bef452e53','misha','rpMPq','misha','devops','misha@gmail.com',NULL,NULL,NULL,NULL,NULL,NULL,0,1,'2021-12-05 13:06:32','2021-12-05 13:06:32'),(66,3,87,'a5095125-55d8-11ec-9663-9c7bef452e53','ortal_member','I6YfK','ortal_member','string','user@example.com',NULL,NULL,NULL,NULL,NULL,NULL,0,1,'2021-12-05 14:35:51','2021-12-05 14:35:51'),(67,3,88,'e62e7ba2-573f-11ec-9663-9c7bef452e53','michal','X6qol','michal','sds','mir@gmail.com',NULL,NULL,NULL,NULL,NULL,NULL,0,1,'2021-12-07 09:27:29','2021-12-07 09:27:29'),(68,3,89,'7dce445b-5749-11ec-9663-9c7bef452e53','yy','WUc6E','yy','yfy','yfuyf',NULL,NULL,NULL,NULL,NULL,NULL,0,1,'2021-12-07 10:36:09','2021-12-07 10:36:09'),(69,3,90,'d8ceed66-5755-11ec-9663-9c7bef452e53','regrg','fwns9','regrg','trhtrh','rgrgrt',NULL,NULL,NULL,NULL,NULL,NULL,0,1,'2021-12-07 12:04:36','2021-12-07 12:04:36'),(70,3,91,'440e8363-5804-11ec-9663-9c7bef452e53','rydry','JfhSb','rydry','4tes','srysy@gmail.com',NULL,NULL,NULL,NULL,NULL,NULL,0,1,'2021-12-08 08:53:08','2021-12-08 08:53:08'),(71,3,92,'f3f67236-5807-11ec-9663-9c7bef452e53','string','3Y6UO','string','string','user@example.com',NULL,NULL,NULL,NULL,NULL,NULL,0,1,'2021-12-08 09:19:32','2021-12-08 09:19:32'),(72,3,93,'ab2f2785-5825-11ec-9663-9c7bef452e53','ghjtj','cJeA0','ghjtj','dfsf','ftj@hotmail.com',NULL,NULL,NULL,NULL,NULL,NULL,0,1,'2021-12-08 12:52:15','2021-12-08 12:52:15'),(73,3,94,'dbd8e528-58d4-11ec-9663-9c7bef452e53','wrwr','ZyKek','wrwr','dgsg','wrwr@gmail.com',NULL,NULL,NULL,NULL,NULL,NULL,0,1,'2021-12-09 09:46:18','2021-12-09 09:46:18'),(74,3,95,'2719ffea-5b17-11ec-9663-9c7bef452e53','string','9UgIk','string','string','user@example.com',NULL,NULL,NULL,NULL,NULL,NULL,0,1,'2021-12-12 06:45:54','2021-12-12 06:45:54'),(75,3,96,'31a0c00e-5b17-11ec-9663-9c7bef452e53','string','bGvYp','string','string','user@example.com',NULL,NULL,NULL,NULL,NULL,NULL,0,1,'2021-12-12 06:46:11','2021-12-12 06:46:11'),(76,3,97,'38701673-5b17-11ec-9663-9c7bef452e53','string','ILzd6','string','string','user@example.com',NULL,NULL,NULL,NULL,NULL,NULL,0,1,'2021-12-12 06:46:23','2021-12-12 06:46:23'),(77,3,98,'3d21016a-5b17-11ec-9663-9c7bef452e53','string','MABQn','string','string','user@example.com',NULL,NULL,NULL,NULL,NULL,NULL,0,1,'2021-12-12 06:46:30','2021-12-12 06:46:30'),(78,3,99,'d23c3b6d-5b33-11ec-9663-9c7bef452e53','string','EPRbl','string','string','user@example.com',NULL,NULL,NULL,NULL,NULL,NULL,0,1,'2021-12-12 10:11:07','2021-12-12 10:11:07'),(79,3,100,'7bb99a08-5b37-11ec-9663-9c7bef452e53','string','jy6LP','string','string','user@example.com',NULL,NULL,NULL,NULL,NULL,NULL,0,1,'2021-12-12 10:37:19','2021-12-12 10:37:19'),(80,3,101,'1ce63491-5b50-11ec-9663-9c7bef452e53','string','8iUjL','string','string','user@example.com',NULL,NULL,NULL,NULL,NULL,NULL,0,1,'2021-12-12 13:33:38','2021-12-12 13:33:38'),(81,3,102,'3248102f-5bec-11ec-9663-9c7bef452e53','string','Yw7k6','string','string','user@example.com',NULL,NULL,NULL,NULL,NULL,NULL,0,1,'2021-12-13 08:10:55','2021-12-13 08:10:55'),(82,3,103,'ea3c106f-5bef-11ec-9663-9c7bef452e53','ortal','wZtNF','ortal','fullstack','ortal@0166.com',NULL,NULL,NULL,NULL,NULL,NULL,0,1,'2021-12-13 08:37:32','2021-12-13 08:37:32'),(83,3,103,'ea3ce41e-5bef-11ec-9663-9c7bef452e53','sofi','QzYRr','sofi','frontend','sofi@0166.com',NULL,NULL,NULL,NULL,NULL,NULL,0,1,'2021-12-13 08:37:32','2021-12-13 08:37:32'),(84,3,103,'ea3dacc4-5bef-11ec-9663-9c7bef452e53','anna','adYMj','anna','ui/ux','anna@0166.com',NULL,NULL,NULL,NULL,NULL,NULL,0,1,'2021-12-13 08:37:32','2021-12-13 08:37:32'),(85,3,104,'5cdad8a9-5bf0-11ec-9663-9c7bef452e53','ortal','LjvR8','ortal','fullstack','ortal@0166.com',NULL,NULL,NULL,NULL,NULL,NULL,0,1,'2021-12-13 08:40:44','2021-12-13 08:40:44'),(86,3,104,'5cdbdc92-5bf0-11ec-9663-9c7bef452e53','sofi','JQPtZ','sofi','frontend','sofi@0166.com',NULL,NULL,NULL,NULL,NULL,NULL,0,1,'2021-12-13 08:40:44','2021-12-13 08:40:44'),(87,3,104,'5cdcc00d-5bf0-11ec-9663-9c7bef452e53','anna','306dt','anna','ui/ux','anna@0166.com',NULL,NULL,NULL,NULL,NULL,NULL,0,1,'2021-12-13 08:40:44','2021-12-13 08:40:44'),(88,3,105,'c836d70d-5c1c-11ec-9663-9c7bef452e53','ortal','VHHP2','ortal','fullstack','ortal@0166.com',NULL,NULL,NULL,NULL,NULL,NULL,0,1,'2021-12-13 13:58:42','2021-12-13 13:58:42'),(89,3,105,'c837f6db-5c1c-11ec-9663-9c7bef452e53','sofi','KON9H','sofi','frontend','sofi@0166.com',NULL,NULL,NULL,NULL,NULL,NULL,0,1,'2021-12-13 13:58:42','2021-12-13 13:58:42'),(90,3,105,'c838e5e3-5c1c-11ec-9663-9c7bef452e53','anna','EwMA8','anna','ui/ux','anna@0166.com',NULL,NULL,NULL,NULL,NULL,NULL,0,1,'2021-12-13 13:58:42','2021-12-13 13:58:42'),(91,3,106,'1ccd0b6a-5c21-11ec-9663-9c7bef452e53','ortal','qf0wY','ortal','fullstack','ortal@0166.com',NULL,NULL,NULL,NULL,NULL,NULL,0,1,'2021-12-13 14:29:42','2021-12-13 14:29:42'),(92,3,106,'1cce0fdf-5c21-11ec-9663-9c7bef452e53','sofi','Dixpf','sofi','frontend','sofi@0166.com',NULL,NULL,NULL,NULL,NULL,NULL,0,1,'2021-12-13 14:29:42','2021-12-13 14:29:42'),(93,3,106,'1ccecc35-5c21-11ec-9663-9c7bef452e53','anna','w63Dl','anna','ui/ux','anna@0166.com',NULL,NULL,NULL,NULL,NULL,NULL,0,1,'2021-12-13 14:29:42','2021-12-13 14:29:42'),(94,3,107,'ca4948a5-5c22-11ec-9663-9c7bef452e53','ortal','qre3E','ortal','fullstack','ortal@0166.com',NULL,NULL,NULL,NULL,NULL,NULL,0,1,'2021-12-13 14:41:43','2021-12-13 14:41:43'),(95,3,107,'ca4a5513-5c22-11ec-9663-9c7bef452e53','sofi','PDoi4','sofi','frontend','sofi@0166.com',NULL,NULL,NULL,NULL,NULL,NULL,0,1,'2021-12-13 14:41:43','2021-12-13 14:41:43'),(96,3,107,'ca4ba31d-5c22-11ec-9663-9c7bef452e53','anna','R8fK9','anna','ui/ux','anna@0166.com',NULL,NULL,NULL,NULL,NULL,NULL,0,1,'2021-12-13 14:41:43','2021-12-13 14:41:43'),(97,3,108,'7dee6a43-5ca6-11ec-9663-9c7bef452e53','hfgj','uxsJP','hfgj','fzhj','th@gmail.co',NULL,NULL,NULL,NULL,NULL,NULL,0,1,'2021-12-14 06:24:28','2021-12-14 06:24:28'),(98,3,108,'7def757c-5ca6-11ec-9663-9c7bef452e53','ddgfg','MkOPw','ddgfg','dfhgfj','gdgh@gmail.com',NULL,NULL,NULL,NULL,NULL,NULL,0,1,'2021-12-14 06:24:28','2021-12-14 06:24:28'),(99,3,108,'7deff364-5ca6-11ec-9663-9c7bef452e53','micmic','7yFeU','micmic','dfgfh','rhr@gmail.com',NULL,NULL,NULL,NULL,NULL,NULL,0,1,'2021-12-14 06:24:28','2021-12-14 06:24:28'),(100,3,109,'2affcbff-5cbc-11ec-9663-9c7bef452e53','eter','khQIE','eter','gif maker','eter@gmail.com',NULL,NULL,NULL,NULL,NULL,NULL,0,1,'2021-12-14 08:59:38','2021-12-14 08:59:38'),(101,3,109,'2b010173-5cbc-11ec-9663-9c7bef452e53','Ebenezer Mariam','enlGR','Ebenezer Mariam','PDFs importer','eben@gmail.com',NULL,NULL,NULL,NULL,NULL,NULL,0,1,'2021-12-14 08:59:38','2021-12-14 08:59:38'),(102,3,109,'2b01691f-5cbc-11ec-9663-9c7bef452e53','Dietrich von Schuffelhausen','Vwi7u','Dietrich von Schuffelhausen','tough guy','schuffelhausen@awsome.pics',NULL,NULL,NULL,NULL,NULL,NULL,0,1,'2021-12-14 08:59:38','2021-12-14 08:59:38'),(103,3,110,'a9855054-5cc8-11ec-9663-9c7bef452e53','ortal','d3aDV','ortal','fullstack','ortal@0166.com',NULL,NULL,NULL,NULL,NULL,NULL,0,1,'2021-12-14 10:29:04','2021-12-14 10:29:04'),(104,3,110,'a98687d5-5cc8-11ec-9663-9c7bef452e53','sofi','5lgew','sofi','frontend','sofi@0166.com',NULL,NULL,NULL,NULL,NULL,NULL,0,1,'2021-12-14 10:29:04','2021-12-14 10:29:04'),(105,3,110,'a9873d7b-5cc8-11ec-9663-9c7bef452e53','anna','RzdLI','anna','ui/ux','anna@0166.com',NULL,NULL,NULL,NULL,NULL,NULL,0,1,'2021-12-14 10:29:04','2021-12-14 10:29:04'),(106,3,111,'baf415af-5cc8-11ec-9663-9c7bef452e53','ortal','Zm7Kp','ortal','fullstack','ortal@0166.com',NULL,NULL,NULL,NULL,NULL,NULL,0,1,'2021-12-14 10:29:34','2021-12-14 10:29:34'),(107,3,111,'baf5a0be-5cc8-11ec-9663-9c7bef452e53','sofi','5AqzE','sofi','frontend','sofi@0166.com',NULL,NULL,NULL,NULL,NULL,NULL,0,1,'2021-12-14 10:29:34','2021-12-14 10:29:34'),(108,3,111,'baf6728a-5cc8-11ec-9663-9c7bef452e53','anna','BKoAN','anna','ui/ux','anna@0166.com',NULL,NULL,NULL,NULL,NULL,NULL,0,1,'2021-12-14 10:29:34','2021-12-14 10:29:34'),(109,3,112,'cdf16a35-5cc8-11ec-9663-9c7bef452e53','ortal','7cnfo','ortal','fullstack','ortal@0166.com',NULL,NULL,NULL,NULL,NULL,NULL,0,1,'2021-12-14 10:30:06','2021-12-14 10:30:06'),(110,3,112,'cdf29829-5cc8-11ec-9663-9c7bef452e53','sofi','wQRWO','sofi','frontend','sofi@0166.com',NULL,NULL,NULL,NULL,NULL,NULL,0,1,'2021-12-14 10:30:06','2021-12-14 10:30:06'),(111,3,112,'cdf35db0-5cc8-11ec-9663-9c7bef452e53','anna','0sBmR','anna','ui/ux','anna@0166.com',NULL,NULL,NULL,NULL,NULL,NULL,0,1,'2021-12-14 10:30:06','2021-12-14 10:30:06'),(112,3,113,'0389f46a-5cc9-11ec-9663-9c7bef452e53','ortal','9bZzy','ortal','fullstack','ortal@0166.com',NULL,NULL,NULL,NULL,NULL,NULL,0,1,'2021-12-14 10:31:35','2021-12-14 10:31:35'),(113,3,113,'038b455c-5cc9-11ec-9663-9c7bef452e53','sofi','xMsDJ','sofi','frontend','sofi@0166.com',NULL,NULL,NULL,NULL,NULL,NULL,0,1,'2021-12-14 10:31:35','2021-12-14 10:31:35'),(114,3,113,'038c2a5c-5cc9-11ec-9663-9c7bef452e53','anna','lqteZ','anna','ui/ux','anna@0166.com',NULL,NULL,NULL,NULL,NULL,NULL,0,1,'2021-12-14 10:31:35','2021-12-14 10:31:35'),(115,3,114,'17255106-5ccd-11ec-9663-9c7bef452e53','string','Inyb4','string','string','user@example.com',NULL,NULL,NULL,NULL,NULL,NULL,0,1,'2021-12-14 11:00:46','2021-12-14 11:00:46'),(116,3,115,'6ab8ed98-5ccd-11ec-9663-9c7bef452e53','string','SLjKj','string','string','user@example.com',NULL,NULL,NULL,NULL,NULL,NULL,0,1,'2021-12-14 11:03:07','2021-12-14 11:03:07'),(117,3,116,'db3d4caf-5cce-11ec-9663-9c7bef452e53','string','RwO7G','string','string','user@example.com',NULL,NULL,NULL,NULL,NULL,NULL,0,1,'2021-12-14 11:13:25','2021-12-14 11:13:25'),(118,3,117,'207c05d0-5ccf-11ec-9663-9c7bef452e53','Tim Berton','VEiD8','Tim Berton','director','bertonland@gmail.com',NULL,NULL,NULL,NULL,NULL,NULL,0,1,'2021-12-14 11:15:21','2021-12-14 11:15:21'),(119,3,118,'9d8565fb-5ccf-11ec-9663-9c7bef452e53','Nira','zc4az','Nira','hr specialist','baramnira@netvision.net.il',NULL,NULL,NULL,NULL,NULL,NULL,0,1,'2021-12-14 11:18:51','2021-12-14 11:18:51'),(120,3,118,'9d85e94e-5ccf-11ec-9663-9c7bef452e53','Dov','VdRuH','Dov','salesperson','melameddov@gmail.com',NULL,NULL,NULL,NULL,NULL,NULL,0,1,'2021-12-14 11:18:51','2021-12-14 11:18:51'),(121,3,119,'5f80f41e-5cd5-11ec-9663-9c7bef452e53','string','lzFBZ','string','string','user@example.com',NULL,NULL,NULL,NULL,NULL,NULL,0,1,'2021-12-14 12:00:04','2021-12-14 12:00:04'),(122,3,120,'f428882b-5ce9-11ec-9663-9c7bef452e53','string','PjI9F','string','string','user@example.com',NULL,NULL,NULL,NULL,NULL,NULL,0,1,'2021-12-14 14:27:23','2021-12-14 14:27:23'),(123,3,121,'bcd88c46-5d93-11ec-9663-9c7bef452e53','Philip K. Emmet','XiTUZ','Philip K. Emmet','bodyguard','emmetKP@gmail.com',NULL,NULL,NULL,NULL,NULL,NULL,0,1,'2021-12-15 10:42:45','2021-12-15 10:42:45');
/*!40000 ALTER TABLE `user` ENABLE KEYS */;
UNLOCK TABLES;

--
-- Table structure for table `user_has_category`
--

DROP TABLE IF EXISTS `user_has_category`;
/*!40101 SET @saved_cs_client     = @@character_set_client */;
/*!50503 SET character_set_client = utf8mb4 */;
CREATE TABLE `user_has_category` (
  `user_id` int unsigned NOT NULL,
  `category_id` int unsigned NOT NULL,
  `is_active` tinyint NOT NULL DEFAULT '1',
  `created_at` timestamp NOT NULL DEFAULT CURRENT_TIMESTAMP,
  `updated_at` timestamp NOT NULL DEFAULT CURRENT_TIMESTAMP ON UPDATE CURRENT_TIMESTAMP,
  PRIMARY KEY (`user_id`,`category_id`),
  KEY `fk_user_has_category_category1_idx` (`category_id`),
  KEY `fk_user_has_category_user1_idx` (`user_id`),
  CONSTRAINT `fk_user_has_category_category1` FOREIGN KEY (`category_id`) REFERENCES `category` (`id`),
  CONSTRAINT `fk_user_has_category_user1` FOREIGN KEY (`user_id`) REFERENCES `user` (`id`)
) ENGINE=InnoDB DEFAULT CHARSET=utf8mb3;
/*!40101 SET character_set_client = @saved_cs_client */;

--
-- Dumping data for table `user_has_category`
--

LOCK TABLES `user_has_category` WRITE;
/*!40000 ALTER TABLE `user_has_category` DISABLE KEYS */;
INSERT INTO `user_has_category` VALUES (1,1,1,'2021-11-25 13:16:02','2021-11-25 13:16:02'),(1,2,1,'2021-11-25 13:16:02','2021-11-25 13:16:02'),(1,3,1,'2021-11-25 13:16:02','2021-11-25 13:16:02'),(1,4,1,'2021-11-25 13:16:02','2021-11-25 13:16:02'),(1,5,1,'2021-11-25 13:16:02','2021-11-25 13:16:02'),(1,6,1,'2021-11-25 13:16:03','2021-11-25 13:16:03'),(1,7,1,'2021-11-25 13:16:03','2021-11-25 13:16:03'),(1,8,1,'2021-11-25 13:16:03','2021-11-25 13:16:03'),(2,1,1,'2021-11-25 13:16:02','2021-11-25 13:16:02'),(2,2,1,'2021-11-25 13:16:02','2021-11-25 13:16:02'),(2,3,1,'2021-11-25 13:16:02','2021-11-25 13:16:02'),(2,4,1,'2021-11-25 13:16:02','2021-11-25 13:16:02'),(2,5,1,'2021-11-25 13:16:02','2021-11-25 13:16:02'),(2,6,1,'2021-11-25 13:16:03','2021-11-25 13:16:03'),(2,7,1,'2021-11-25 13:16:03','2021-11-25 13:16:03'),(2,8,1,'2021-11-25 13:16:03','2021-11-25 13:16:03'),(3,1,1,'2021-11-25 13:16:02','2021-11-25 13:16:02'),(3,2,1,'2021-11-25 13:16:02','2021-11-25 13:16:02'),(3,3,1,'2021-11-25 13:16:02','2021-11-25 13:16:02'),(3,4,1,'2021-11-25 13:16:02','2021-11-25 13:16:02'),(3,5,1,'2021-11-25 13:16:02','2021-11-25 13:16:02'),(3,6,1,'2021-11-25 13:16:03','2021-11-25 13:16:03'),(3,7,1,'2021-11-25 13:16:03','2021-11-25 13:16:03'),(3,8,1,'2021-11-25 13:16:03','2021-11-25 13:16:03'),(4,1,1,'2021-11-25 13:16:02','2021-11-25 13:16:02'),(4,2,1,'2021-11-25 13:16:02','2021-11-25 13:16:02'),(4,3,1,'2021-11-25 13:16:02','2021-11-25 13:16:02'),(4,4,1,'2021-11-25 13:16:02','2021-11-25 13:16:02'),(4,5,1,'2021-11-25 13:16:02','2021-11-25 13:16:02'),(4,6,1,'2021-11-25 13:16:03','2021-11-25 13:16:03'),(4,7,1,'2021-11-25 13:16:03','2021-11-25 13:16:03'),(4,8,1,'2021-11-25 13:16:03','2021-11-25 13:16:03'),(5,1,1,'2021-11-25 13:16:02','2021-11-25 13:16:02'),(5,2,1,'2021-11-25 13:16:02','2021-11-25 13:16:02'),(5,3,1,'2021-11-25 13:16:02','2021-11-25 13:16:02'),(5,4,1,'2021-11-25 13:16:02','2021-11-25 13:16:02'),(5,5,1,'2021-11-25 13:16:02','2021-11-25 13:16:02'),(5,6,1,'2021-11-25 13:16:03','2021-11-25 13:16:03'),(5,7,1,'2021-11-25 13:16:03','2021-11-25 13:16:03'),(5,8,1,'2021-11-25 13:16:03','2021-11-25 13:16:03'),(6,1,1,'2021-11-25 13:16:02','2021-11-25 13:16:02'),(6,2,1,'2021-11-25 13:16:02','2021-11-25 13:16:02'),(6,3,1,'2021-11-25 13:16:02','2021-11-25 13:16:02'),(6,4,1,'2021-11-25 13:16:02','2021-11-25 13:16:02'),(6,5,1,'2021-11-25 13:16:02','2021-11-25 13:16:02'),(6,6,1,'2021-11-25 13:16:03','2021-11-25 13:16:03'),(6,7,1,'2021-11-25 13:16:03','2021-11-25 13:16:03'),(6,8,1,'2021-11-25 13:16:03','2021-11-25 13:16:03'),(7,1,1,'2021-11-25 13:16:02','2021-11-25 13:16:02'),(7,2,1,'2021-11-25 13:16:02','2021-11-25 13:16:02'),(7,3,1,'2021-11-25 13:16:02','2021-11-25 13:16:02'),(7,4,1,'2021-11-25 13:16:02','2021-11-25 13:16:02'),(7,5,1,'2021-11-25 13:16:02','2021-11-25 13:16:02'),(7,6,1,'2021-11-25 13:16:03','2021-11-25 13:16:03'),(7,7,1,'2021-11-25 13:16:03','2021-11-25 13:16:03'),(7,8,1,'2021-11-25 13:16:03','2021-11-25 13:16:03'),(8,1,1,'2021-11-25 13:16:02','2021-11-25 13:16:02'),(8,2,1,'2021-11-25 13:16:02','2021-11-25 13:16:02'),(8,3,1,'2021-11-25 13:16:02','2021-11-25 13:16:02'),(8,4,1,'2021-11-25 13:16:02','2021-11-25 13:16:02'),(8,5,1,'2021-11-25 13:16:02','2021-11-25 13:16:02'),(8,6,1,'2021-11-25 13:16:03','2021-11-25 13:16:03'),(8,7,1,'2021-11-25 13:16:03','2021-11-25 13:16:03'),(8,8,1,'2021-11-25 13:16:03','2021-11-25 13:16:03'),(9,1,1,'2021-11-25 13:16:02','2021-11-25 13:16:02'),(9,2,1,'2021-11-25 13:16:02','2021-11-25 13:16:02'),(9,3,1,'2021-11-25 13:16:02','2021-11-25 13:16:02'),(9,4,1,'2021-11-25 13:16:02','2021-11-25 13:16:02'),(9,5,1,'2021-11-25 13:16:02','2021-11-25 13:16:02'),(9,6,1,'2021-11-25 13:16:03','2021-11-25 13:16:03'),(9,7,1,'2021-11-25 13:16:03','2021-11-25 13:16:03'),(9,8,1,'2021-11-25 13:16:03','2021-11-25 13:16:03'),(10,1,1,'2021-11-25 13:16:02','2021-11-25 13:16:02'),(10,2,1,'2021-11-25 13:16:02','2021-11-25 13:16:02'),(10,3,1,'2021-11-25 13:16:02','2021-11-25 13:16:02'),(10,4,1,'2021-11-25 13:16:02','2021-11-25 13:16:02'),(10,5,1,'2021-11-25 13:16:03','2021-11-25 13:16:03'),(10,6,1,'2021-11-25 13:16:03','2021-11-25 13:16:03'),(10,7,1,'2021-11-25 13:16:03','2021-11-25 13:16:03'),(10,8,1,'2021-11-25 13:16:03','2021-11-25 13:16:03'),(11,1,1,'2021-11-25 13:16:02','2021-11-25 13:16:02'),(11,2,1,'2021-11-25 13:16:02','2021-11-25 13:16:02'),(11,3,1,'2021-11-25 13:16:02','2021-11-25 13:16:02'),(11,4,1,'2021-11-25 13:16:02','2021-11-25 13:16:02'),(11,5,1,'2021-11-25 13:16:03','2021-11-25 13:16:03'),(11,6,1,'2021-11-25 13:16:03','2021-11-25 13:16:03'),(11,7,1,'2021-11-25 13:16:03','2021-11-25 13:16:03'),(11,8,1,'2021-11-25 13:16:03','2021-11-25 13:16:03'),(12,1,1,'2021-11-25 13:16:02','2021-11-25 13:16:02'),(12,2,1,'2021-11-25 13:16:02','2021-11-25 13:16:02'),(12,3,1,'2021-11-25 13:16:02','2021-11-25 13:16:02'),(12,4,1,'2021-11-25 13:16:02','2021-11-25 13:16:02'),(12,5,1,'2021-11-25 13:16:03','2021-11-25 13:16:03'),(12,6,1,'2021-11-25 13:16:03','2021-11-25 13:16:03'),(12,7,1,'2021-11-25 13:16:03','2021-11-25 13:16:03'),(12,8,1,'2021-11-25 13:16:03','2021-11-25 13:16:03'),(13,1,1,'2021-11-25 13:16:02','2021-11-25 13:16:02'),(13,2,1,'2021-11-25 13:16:02','2021-11-25 13:16:02'),(13,3,1,'2021-11-25 13:16:02','2021-11-25 13:16:02'),(13,4,1,'2021-11-25 13:16:02','2021-11-25 13:16:02'),(13,5,1,'2021-11-25 13:16:03','2021-11-25 13:16:03'),(13,6,1,'2021-11-25 13:16:03','2021-11-25 13:16:03'),(13,7,1,'2021-11-25 13:16:03','2021-11-25 13:16:03'),(13,8,1,'2021-11-25 13:16:03','2021-11-25 13:16:03'),(14,1,1,'2021-11-25 13:16:02','2021-11-25 13:16:02'),(14,2,1,'2021-11-25 13:16:02','2021-11-25 13:16:02'),(14,3,1,'2021-11-25 13:16:02','2021-11-25 13:16:02'),(14,4,1,'2021-11-25 13:16:02','2021-11-25 13:16:02'),(14,5,1,'2021-11-25 13:16:03','2021-11-25 13:16:03'),(14,6,1,'2021-11-25 13:16:03','2021-11-25 13:16:03'),(14,7,1,'2021-11-25 13:16:03','2021-11-25 13:16:03'),(14,8,1,'2021-11-25 13:16:03','2021-11-25 13:16:03'),(15,1,1,'2021-11-25 13:16:02','2021-11-25 13:16:02'),(15,2,1,'2021-11-25 13:16:02','2021-11-25 13:16:02'),(15,3,1,'2021-11-25 13:16:02','2021-11-25 13:16:02'),(15,4,1,'2021-11-25 13:16:02','2021-11-25 13:16:02'),(15,5,1,'2021-11-25 13:16:03','2021-11-25 13:16:03'),(15,6,1,'2021-11-25 13:16:03','2021-11-25 13:16:03'),(15,7,1,'2021-11-25 13:16:03','2021-11-25 13:16:03'),(15,8,1,'2021-11-25 13:16:03','2021-11-25 13:16:03'),(16,1,1,'2021-11-25 13:16:02','2021-11-25 13:16:02'),(16,2,1,'2021-11-25 13:16:02','2021-11-25 13:16:02'),(16,3,1,'2021-11-25 13:16:02','2021-11-25 13:16:02'),(16,4,1,'2021-11-25 13:16:02','2021-11-25 13:16:02'),(16,5,1,'2021-11-25 13:16:03','2021-11-25 13:16:03'),(16,6,1,'2021-11-25 13:16:03','2021-11-25 13:16:03'),(16,7,1,'2021-11-25 13:16:03','2021-11-25 13:16:03'),(16,8,1,'2021-11-25 13:16:03','2021-11-25 13:16:03'),(17,1,1,'2021-11-25 13:16:02','2021-11-25 13:16:02'),(17,2,1,'2021-11-25 13:16:02','2021-11-25 13:16:02'),(17,3,1,'2021-11-25 13:16:02','2021-11-25 13:16:02'),(17,4,1,'2021-11-25 13:16:02','2021-11-25 13:16:02'),(17,5,1,'2021-11-25 13:16:03','2021-11-25 13:16:03'),(17,6,1,'2021-11-25 13:16:03','2021-11-25 13:16:03'),(17,7,1,'2021-11-25 13:16:03','2021-11-25 13:16:03'),(17,8,1,'2021-11-25 13:16:03','2021-11-25 13:16:03'),(18,1,1,'2021-11-25 13:16:02','2021-11-25 13:16:02'),(18,2,1,'2021-11-25 13:16:02','2021-11-25 13:16:02'),(18,3,1,'2021-11-25 13:16:02','2021-11-25 13:16:02'),(18,4,1,'2021-11-25 13:16:02','2021-11-25 13:16:02'),(18,5,1,'2021-11-25 13:16:03','2021-11-25 13:16:03'),(18,6,1,'2021-11-25 13:16:03','2021-11-25 13:16:03'),(18,7,1,'2021-11-25 13:16:03','2021-11-25 13:16:03'),(18,8,1,'2021-11-25 13:16:03','2021-11-25 13:16:03'),(19,1,1,'2021-11-25 13:16:02','2021-11-25 13:16:02'),(19,2,1,'2021-11-25 13:16:02','2021-11-25 13:16:02'),(19,3,1,'2021-11-25 13:16:02','2021-11-25 13:16:02'),(19,4,1,'2021-11-25 13:16:02','2021-11-25 13:16:02'),(19,5,1,'2021-11-25 13:16:03','2021-11-25 13:16:03'),(19,6,1,'2021-11-25 13:16:03','2021-11-25 13:16:03'),(19,7,1,'2021-11-25 13:16:03','2021-11-25 13:16:03'),(19,8,1,'2021-11-25 13:16:03','2021-11-25 13:16:03'),(20,1,1,'2021-11-25 13:16:02','2021-11-25 13:16:02'),(20,2,1,'2021-11-25 13:16:02','2021-11-25 13:16:02'),(20,3,1,'2021-11-25 13:16:02','2021-11-25 13:16:02'),(20,4,1,'2021-11-25 13:16:02','2021-11-25 13:16:02'),(20,5,1,'2021-11-25 13:16:03','2021-11-25 13:16:03'),(20,6,1,'2021-11-25 13:16:03','2021-11-25 13:16:03'),(20,7,1,'2021-11-25 13:16:03','2021-11-25 13:16:03'),(20,8,1,'2021-11-25 13:16:03','2021-11-25 13:16:03'),(38,6,1,'2021-12-01 14:55:28','2021-12-01 14:55:28'),(39,1,1,'2021-12-01 15:03:55','2021-12-01 15:03:55'),(40,6,1,'2021-12-02 08:49:12','2021-12-02 08:49:12'),(41,6,1,'2021-12-02 08:49:56','2021-12-02 08:49:56'),(42,6,1,'2021-12-02 09:07:57','2021-12-02 09:07:57'),(43,6,1,'2021-12-02 09:08:10','2021-12-02 09:08:10'),(45,1,1,'2021-12-02 10:21:48','2021-12-02 10:21:48'),(46,8,1,'2021-12-02 10:24:11','2021-12-02 10:24:11'),(47,7,1,'2021-12-02 10:37:57','2021-12-02 10:37:57'),(48,7,1,'2021-12-02 11:06:48','2021-12-02 11:06:48'),(49,1,1,'2021-12-02 11:09:56','2021-12-02 11:09:56'),(50,1,1,'2021-12-02 12:46:41','2021-12-02 12:46:41'),(51,2,1,'2021-12-02 14:22:48','2021-12-02 14:22:48'),(52,2,1,'2021-12-02 14:22:50','2021-12-02 14:22:50'),(53,2,1,'2021-12-02 15:38:47','2021-12-02 15:38:47'),(54,8,1,'2021-12-02 15:40:22','2021-12-02 15:40:22'),(55,1,1,'2021-12-02 15:40:22','2021-12-02 15:40:22'),(56,6,1,'2021-12-02 15:43:07','2021-12-02 15:43:07'),(57,5,1,'2021-12-02 15:43:07','2021-12-02 15:43:07'),(58,4,1,'2021-12-02 16:01:29','2021-12-02 16:01:29'),(59,3,1,'2021-12-02 16:10:30','2021-12-02 16:10:30'),(59,5,1,'2021-12-02 16:10:30','2021-12-02 16:10:30'),(60,1,1,'2021-12-05 06:55:05','2021-12-05 06:55:05'),(60,2,1,'2021-12-05 06:55:05','2021-12-05 06:55:05'),(60,3,1,'2021-12-05 07:03:27','2021-12-05 07:03:27'),(61,1,1,'2021-12-05 06:55:13','2021-12-05 06:55:13'),(61,2,1,'2021-12-05 06:55:13','2021-12-05 06:55:13'),(62,1,1,'2021-12-05 12:08:25','2021-12-05 12:08:25'),(63,1,1,'2021-12-05 12:11:45','2021-12-05 12:11:45'),(64,1,1,'2021-12-05 12:41:13','2021-12-05 12:41:13'),(65,1,1,'2021-12-05 13:06:32','2021-12-05 13:06:32'),(66,1,1,'2021-12-05 14:35:51','2021-12-05 14:35:51'),(67,1,1,'2021-12-07 09:27:29','2021-12-07 09:27:29'),(67,3,1,'2021-12-07 09:27:29','2021-12-07 09:27:29'),(68,1,1,'2021-12-07 10:36:09','2021-12-07 10:36:09'),(68,3,1,'2021-12-07 10:36:09','2021-12-07 10:36:09'),(69,1,1,'2021-12-07 12:04:36','2021-12-07 12:04:36'),(70,1,1,'2021-12-08 08:53:08','2021-12-08 08:53:08'),(71,2,1,'2021-12-08 09:19:32','2021-12-08 09:19:32'),(72,1,1,'2021-12-08 12:52:15','2021-12-08 12:52:15'),(73,13,1,'2021-12-09 09:46:18','2021-12-09 09:46:18'),(74,1,1,'2021-12-12 06:45:54','2021-12-12 06:45:54'),(75,1,1,'2021-12-12 06:46:11','2021-12-12 06:46:11'),(76,1,1,'2021-12-12 06:46:23','2021-12-12 06:46:23'),(77,1,1,'2021-12-12 06:46:30','2021-12-12 06:46:30'),(78,1,1,'2021-12-12 10:11:07','2021-12-12 10:11:07'),(79,1,1,'2021-12-12 10:37:19','2021-12-12 10:37:19'),(80,1,1,'2021-12-12 13:33:38','2021-12-12 13:33:38'),(81,1,1,'2021-12-13 08:10:55','2021-12-13 08:10:55'),(82,1,1,'2021-12-13 08:37:32','2021-12-13 08:37:32'),(82,2,1,'2021-12-13 08:37:32','2021-12-13 08:37:32'),(83,1,1,'2021-12-13 08:37:32','2021-12-13 08:37:32'),(83,2,1,'2021-12-13 08:37:32','2021-12-13 08:37:32'),(84,1,1,'2021-12-13 08:37:32','2021-12-13 08:37:32'),(84,2,1,'2021-12-13 08:37:32','2021-12-13 08:37:32'),(85,1,1,'2021-12-13 08:40:44','2021-12-13 08:40:44'),(85,2,1,'2021-12-13 08:40:44','2021-12-13 08:40:44'),(86,1,1,'2021-12-13 08:40:44','2021-12-13 08:40:44'),(86,2,1,'2021-12-13 08:40:44','2021-12-13 08:40:44'),(87,1,1,'2021-12-13 08:40:44','2021-12-13 08:40:44'),(87,2,1,'2021-12-13 08:40:44','2021-12-13 08:40:44'),(88,1,1,'2021-12-13 13:58:42','2021-12-13 13:58:42'),(88,2,1,'2021-12-13 13:58:42','2021-12-13 13:58:42'),(89,1,1,'2021-12-13 13:58:42','2021-12-13 13:58:42'),(89,2,1,'2021-12-13 13:58:42','2021-12-13 13:58:42'),(90,1,1,'2021-12-13 13:58:42','2021-12-13 13:58:42'),(90,2,1,'2021-12-13 13:58:42','2021-12-13 13:58:42'),(91,1,1,'2021-12-13 14:29:42','2021-12-13 14:29:42'),(91,2,1,'2021-12-13 14:29:42','2021-12-13 14:29:42'),(92,1,1,'2021-12-13 14:29:42','2021-12-13 14:29:42'),(92,2,1,'2021-12-13 14:29:42','2021-12-13 14:29:42'),(93,1,1,'2021-12-13 14:29:42','2021-12-13 14:29:42'),(93,2,1,'2021-12-13 14:29:42','2021-12-13 14:29:42'),(94,1,1,'2021-12-13 14:41:43','2021-12-13 14:41:43'),(94,2,1,'2021-12-13 14:41:43','2021-12-13 14:41:43'),(95,1,1,'2021-12-13 14:41:43','2021-12-13 14:41:43'),(95,2,1,'2021-12-13 14:41:43','2021-12-13 14:41:43'),(96,1,1,'2021-12-13 14:41:43','2021-12-13 14:41:43'),(96,2,1,'2021-12-13 14:41:43','2021-12-13 14:41:43'),(97,1,1,'2021-12-14 06:24:28','2021-12-14 06:24:28'),(97,3,1,'2021-12-14 06:24:28','2021-12-14 06:24:28'),(98,1,1,'2021-12-14 06:24:28','2021-12-14 06:24:28'),(99,2,1,'2021-12-14 06:24:28','2021-12-14 06:24:28'),(100,1,1,'2021-12-14 08:59:38','2021-12-14 08:59:38'),(100,3,1,'2021-12-14 08:59:38','2021-12-14 08:59:38'),(101,1,1,'2021-12-14 08:59:38','2021-12-14 08:59:38'),(102,2,1,'2021-12-14 08:59:38','2021-12-14 08:59:38'),(103,1,1,'2021-12-14 10:29:04','2021-12-14 10:29:04'),(103,2,1,'2021-12-14 10:29:04','2021-12-14 10:29:04'),(104,1,1,'2021-12-14 10:29:04','2021-12-14 10:29:04'),(104,2,1,'2021-12-14 10:29:04','2021-12-14 10:29:04'),(105,1,1,'2021-12-14 10:29:04','2021-12-14 10:29:04'),(105,2,1,'2021-12-14 10:29:04','2021-12-14 10:29:04'),(106,1,1,'2021-12-14 10:29:34','2021-12-14 10:29:34'),(106,2,1,'2021-12-14 10:29:34','2021-12-14 10:29:34'),(107,1,1,'2021-12-14 10:29:34','2021-12-14 10:29:34'),(107,2,1,'2021-12-14 10:29:34','2021-12-14 10:29:34'),(108,1,1,'2021-12-14 10:29:34','2021-12-14 10:29:34'),(108,2,1,'2021-12-14 10:29:34','2021-12-14 10:29:34'),(109,1,1,'2021-12-14 10:30:06','2021-12-14 10:30:06'),(109,2,1,'2021-12-14 10:30:06','2021-12-14 10:30:06'),(110,1,1,'2021-12-14 10:30:06','2021-12-14 10:30:06'),(110,2,1,'2021-12-14 10:30:06','2021-12-14 10:30:06'),(111,1,1,'2021-12-14 10:30:06','2021-12-14 10:30:06'),(111,2,1,'2021-12-14 10:30:06','2021-12-14 10:30:06'),(112,1,1,'2021-12-14 10:31:35','2021-12-14 10:31:35'),(112,2,1,'2021-12-14 10:31:35','2021-12-14 10:31:35'),(113,1,1,'2021-12-14 10:31:35','2021-12-14 10:31:35'),(113,2,1,'2021-12-14 10:31:35','2021-12-14 10:31:35'),(114,1,1,'2021-12-14 10:31:35','2021-12-14 10:31:35'),(114,2,1,'2021-12-14 10:31:35','2021-12-14 10:31:35'),(116,6,1,'2021-12-14 11:03:07','2021-12-14 11:03:07'),(117,6,1,'2021-12-14 11:13:25','2021-12-14 11:13:25'),(118,2,1,'2021-12-14 11:15:21','2021-12-14 11:15:21'),(119,3,1,'2021-12-14 11:18:51','2021-12-14 11:18:51'),(120,1,1,'2021-12-14 11:18:51','2021-12-14 11:18:51'),(120,2,1,'2021-12-14 11:18:51','2021-12-14 11:18:51'),(121,6,1,'2021-12-14 12:00:04','2021-12-14 12:00:04'),(122,6,1,'2021-12-14 14:27:23','2021-12-14 14:27:23'),(123,3,1,'2021-12-15 10:42:45','2021-12-15 10:42:45');
/*!40000 ALTER TABLE `user_has_category` ENABLE KEYS */;
UNLOCK TABLES;

--
-- Table structure for table `view`
--

DROP TABLE IF EXISTS `view`;
/*!40101 SET @saved_cs_client     = @@character_set_client */;
/*!50503 SET character_set_client = utf8mb4 */;
CREATE TABLE `view` (
  `id` int unsigned NOT NULL AUTO_INCREMENT,
  `user_id` int unsigned NOT NULL,
  `publication_id` int unsigned NOT NULL,
  `uuid` varchar(36) NOT NULL,
  `name` varchar(45) NOT NULL,
  `count` int NOT NULL,
  `created_at` timestamp NOT NULL DEFAULT CURRENT_TIMESTAMP,
  `updated_at` timestamp NOT NULL DEFAULT CURRENT_TIMESTAMP ON UPDATE CURRENT_TIMESTAMP,
  PRIMARY KEY (`id`),
  UNIQUE KEY `uuid_UNIQUE` (`uuid`),
  KEY `fk_view_user1_idx` (`user_id`),
  KEY `fk_view_publication1_idx` (`publication_id`),
  CONSTRAINT `fk_view_publication1` FOREIGN KEY (`publication_id`) REFERENCES `publication` (`id`),
  CONSTRAINT `fk_view_user1` FOREIGN KEY (`user_id`) REFERENCES `user` (`id`)
) ENGINE=InnoDB DEFAULT CHARSET=utf8mb3;
/*!40101 SET character_set_client = @saved_cs_client */;

--
-- Dumping data for table `view`
--

LOCK TABLES `view` WRITE;
/*!40000 ALTER TABLE `view` DISABLE KEYS */;
/*!40000 ALTER TABLE `view` ENABLE KEYS */;
UNLOCK TABLES;
/*!40103 SET TIME_ZONE=@OLD_TIME_ZONE */;

/*!40101 SET SQL_MODE=@OLD_SQL_MODE */;
/*!40014 SET FOREIGN_KEY_CHECKS=@OLD_FOREIGN_KEY_CHECKS */;
/*!40014 SET UNIQUE_CHECKS=@OLD_UNIQUE_CHECKS */;
/*!40101 SET CHARACTER_SET_CLIENT=@OLD_CHARACTER_SET_CLIENT */;
/*!40101 SET CHARACTER_SET_RESULTS=@OLD_CHARACTER_SET_RESULTS */;
/*!40101 SET COLLATION_CONNECTION=@OLD_COLLATION_CONNECTION */;
/*!40111 SET SQL_NOTES=@OLD_SQL_NOTES */;

-- Dump completed on 2021-12-16 10:16:54
